{"type": "FeatureCollection", "features": [{"type": "Feature", "geometry": {"type": "LineString", "coordinates": [[-84.7628494, 33.3941585], [-84.7628348, 33.3933315], [-84.7648712, 33.3922788]]}, "properties": {"asset_id": "005a9902-a55e-3b99-baec-025f36c6106b", "asset_class": "power_line", "asset_name": null}}, {"type": "Feature", "geometry": {"type": "Polygon", "coordinates": [[[-84.862823, 33.4254823], [-84.8628651, 33.4252771], [-84.8626761, 33.4252502], [-84.862634, 33.4254554], [-84.862823, 33.4254823]]]}, "properties": {"asset_id": "00d9dae9-9347-36fb-ab2b-991df1f518e5", "asset_class": "substation", "asset_name": "Sargent Substation"}}, {"type": "Feature", "geometry": {"type": "Polygon", "coordinates": [[[-84.9948613, 33.5124888], [-84.994633, 33.5122851], [-84.9947023, 33.5122312], [-84.9945408, 33.5120871], [-84.9941999, 33.5123527], [-84.9945896, 33.5127004], [-84.9948613, 33.5124888]]]}, "properties": {"asset_id": "013c300c-624a-353b-9296-a1d9e13e6e64", "asset_class": "substation", "asset_name": "Clem Substation"}}, {"type": "Feature", "geometry": {"type": "LineString", "coordinates": [[-84.8963135, 33.4614806], [-84.8964369, 33.4615316]]}, "properties": {"asset_id": "0473ddb9-194a-37b6-ab4f-dd27c3f56c7f", "asset_class": "power_line", "asset_name": null}}, {"type": "Feature", "geometry": {"type": "LineString", "coordinates": [[-84.6231922, 33.5172456], [-84.6225225, 33.5174747], [-84.6216508, 33.5178039], [-84.621614, 33.5169089], [-84.6215763, 33.5159076], [-84.6215553, 33.5148854], [-84.6215197, 33.5139069], [-84.6214862, 33.5128933], [-84.6214505, 33.5118746], [-84.6214086, 33.5108669], [-84.621394, 33.50989], [-84.6213688, 33.5089481], [-84.6213541, 33.5079538], [-84.6213311, 33.5069699], [-84.6213101, 33.5060174], [-84.621316, 33.5048982], [-84.6213264, 33.5037984], [-84.6213298, 33.502709], [-84.6213487, 33.5015905], [-84.6213461, 33.5006305], [-84.6213584, 33.4996774], [-84.6213676, 33.4986937], [-84.6213768, 33.4977228], [-84.6213951, 33.496642], [-84.6213982, 33.4949786], [-84.6204024, 33.494764], [-84.6195782, 33.4945519], [-84.6187815, 33.4942836], [-84.6178593, 33.4939795], [-84.6164217, 33.4935079], [-84.6154431, 33.4931966], [-84.6145634, 33.4929309], [-84.613657, 33.4926258], [-84.6128636, 33.4923824], [-84.6120948, 33.492151], [-84.6113981, 33.4916796], [-84.6102943, 33.4909614], [-84.609466, 33.4903803], [-84.6087322, 33.4898883], [-84.607647, 33.489722], [-84.6067856, 33.4891686], [-84.6065905, 33.4890432], [-84.6057683, 33.4888324], [-84.6048537, 33.4885735], [-84.60368, 33.4883833], [-84.6022844, 33.488361], [-84.6024653, 33.4890192], [-84.6022926, 33.4896586], [-84.6007408, 33.4896415], [-84.5992342, 33.4896243], [-84.5974768, 33.4895918], [-84.5958428, 33.4895712], [-84.595851, 33.4882358], [-84.5958695, 33.4868405], [-84.5935695, 33.4868353], [-84.5920917, 33.4868507], [-84.5907186, 33.4868353], [-84.589136, 33.4868456], [-84.5874506, 33.486837], [-84.5857384, 33.4868267], [-84.5837179, 33.4867925], [-84.5831548, 33.4880576], [-84.5822403, 33.4880609]]}, "properties": {"asset_id": "050ada5f-8027-3e98-85e4-fefe4e05d8be", "asset_class": "power_line", "asset_name": null}}, {"type": "Feature", "geometry": {"type": "LineString", "coordinates": [[-84.7894064, 33.3925738], [-84.7891198, 33.3922981]]}, "properties": {"asset_id": "06e0535d-143f-30c6-b47e-dada18ee02e3", "asset_class": "power_line", "asset_name": null}}, {"type": "Feature", "geometry": {"type": "Polygon", "coordinates": [[[-84.6235741, 33.5169682], [-84.6228475, 33.5172139], [-84.6231529, 33.5178418], [-84.6235086, 33.518573], [-84.6230794, 33.5188944], [-84.6234622, 33.5196746], [-84.6250032, 33.5191594], [-84.6240595, 33.5172134], [-84.6237535, 33.5173049], [-84.6235741, 33.5169682]]]}, "properties": {"asset_id": "07094a4d-c7da-3012-90a4-df2b136c412e", "asset_class": "substation", "asset_name": null}}, {"type": "Feature", "geometry": {"type": "LineString", "coordinates": [[-84.7255516, 33.4026394], [-84.7252055, 33.4027963], [-84.7262186, 33.4047078], [-84.7255356, 33.4065216], [-84.7252287, 33.4079373], [-84.7248368, 33.4098304], [-84.7244965, 33.4113755], [-84.723281, 33.4097639], [-84.7222631, 33.4084128], [-84.7208234, 33.4065195], [-84.7185013, 33.4034254], [-84.7160748, 33.4002068], [-84.7150368, 33.3987921], [-84.7130749, 33.3961636], [-84.7122805, 33.3951075], [-84.7110494, 33.3945169], [-84.709029, 33.3935279], [-84.7065895, 33.3923417], [-84.7045594, 33.3913285], [-84.701891, 33.3900119], [-84.6996553, 33.3889025], [-84.6971845, 33.3876753], [-84.6955013, 33.3868592], [-84.693329, 33.3857781], [-84.6910238, 33.3846354], [-84.6893302, 33.3837875], [-84.6877286, 33.3829754], [-84.6859589, 33.3821071], [-84.6839332, 33.3812105], [-84.6823123, 33.3804829], [-84.6794549, 33.379176], [-84.6770366, 33.3780795], [-84.6765415, 33.3778646], [-84.6745993, 33.3769802], [-84.6729241, 33.3762378], [-84.6710992, 33.3754091], [-84.6684128, 33.3741953], [-84.6668236, 33.3734755], [-84.6648709, 33.3726094], [-84.6625558, 33.3713444], [-84.6608556, 33.3704311], [-84.6589212, 33.3694047], [-84.6569988, 33.3683657], [-84.6547862, 33.3671689], [-84.652951, 33.3661754], [-84.6509736, 33.365112], [-84.6484212, 33.3637325], [-84.6463617, 33.362625], [-84.6443596, 33.3615385], [-84.6424495, 33.3605063], [-84.6423941, 33.3604765], [-84.6402485, 33.3593237], [-84.638355, 33.3582835], [-84.6357485, 33.3575084], [-84.6333613, 33.3567834], [-84.6304905, 33.3559243], [-84.630279, 33.3558595], [-84.6285227, 33.3553216], [-84.6258974, 33.3545175], [-84.6258498, 33.3545029], [-84.62377, 33.3538664], [-84.6218589, 33.3532907], [-84.6198509, 33.3526935], [-84.6162261, 33.3515834], [-84.6132614, 33.3506716], [-84.6111905, 33.3500431], [-84.6095533, 33.3495508], [-84.6077274, 33.3489882], [-84.6060532, 33.3484751], [-84.6029004, 33.3475234], [-84.6006586, 33.3468439], [-84.5986727, 33.3462402], [-84.5964386, 33.3455562], [-84.5933676, 33.3446314], [-84.5909253, 33.3438789], [-84.5889614, 33.3432818], [-84.5867834, 33.3426129], [-84.5847914, 33.3420041], [-84.5830918, 33.3414923], [-84.5825502, 33.3413269], [-84.5825626, 33.3419255], [-84.5826271, 33.3429464]]}, "properties": {"asset_id": "0abf8609-4691-3223-8606-147cda37336f", "asset_class": "power_line", "asset_name": null}}, {"type": "Feature", "geometry": {"type": "LineString", "coordinates": [[-84.8963867, 33.4613706], [-84.8962654, 33.461314]]}, "properties": {"asset_id": "0ca3a451-edc4-3d8f-bbdd-dab1c5ccfe31", "asset_class": "power_line", "asset_name": null}}, {"type": "Feature", "geometry": {"type": "Polygon", "coordinates": [[[-84.8165155, 33.4356667], [-84.8165757, 33.4361089], [-84.817124, 33.4360569], [-84.8170638, 33.4356147], [-84.8165155, 33.4356667]]]}, "properties": {"asset_id": "0cb11f67-1c78-3e66-b2dc-ff9c6a38058d", "asset_class": "substation", "asset_name": null}}, {"type": "Feature", "geometry": {"type": "Polygon", "coordinates": [[[-84.7475612, 33.4097894], [-84.7475599, 33.4092752], [-84.7467823, 33.4092765], [-84.7467827, 33.4094421], [-84.7468496, 33.4094945], [-84.7468504, 33.4097907], [-84.7475612, 33.4097894]]]}, "properties": {"asset_id": "0ce70f5c-1c01-308c-b550-c82f88d21e6a", "asset_class": "substation", "asset_name": null}}, {"type": "Feature", "geometry": {"type": "Polygon", "coordinates": [[[-84.6958288, 33.4534494], [-84.6959063, 33.4533273], [-84.695767, 33.4532659], [-84.6956896, 33.453388], [-84.6958288, 33.4534494]]]}, "properties": {"asset_id": "0d5249db-5ec8-3d52-8b52-371aa46c8062", "asset_class": "substation", "asset_name": "Vulcan Materials Substation"}}, {"type": "Feature", "geometry": {"type": "Polygon", "coordinates": [[[-84.8567441, 33.418897], [-84.8566865, 33.4188569], [-84.8566043, 33.4189393], [-84.8566619, 33.4189793], [-84.8567441, 33.418897]]]}, "properties": {"asset_id": "0d78da0d-21a4-3493-b467-ccd40a724b89", "asset_class": "substation", "asset_name": "Bibb MFG Company Substation"}}, {"type": "Feature", "geometry": {"type": "Polygon", "coordinates": [[[-84.8974734, 33.4603744], [-84.8969115, 33.4601003], [-84.8955816, 33.4619977], [-84.8961434, 33.4622718], [-84.8974734, 33.4603744]]]}, "properties": {"asset_id": "0f918cd4-873b-3612-9a6c-e0f7187d6c50", "asset_class": "substation", "asset_name": "Yates Switchyard"}}, {"type": "Feature", "geometry": {"type": "Polygon", "coordinates": [[[-84.8971746, 33.4604788], [-84.8969301, 33.4603583], [-84.8968482, 33.4604761], [-84.8967663, 33.4605938], [-84.896683, 33.4607135], [-84.8965998, 33.4608332], [-84.8965161, 33.4609535], [-84.8964325, 33.4610737], [-84.896355, 33.4611852], [-84.8962654, 33.461314], [-84.8961955, 33.4614145], [-84.8961203, 33.4615225], [-84.8960331, 33.4616479], [-84.8958683, 33.4618849], [-84.8961079, 33.4620013], [-84.896184, 33.4618927], [-84.8962772, 33.4617597], [-84.8963455, 33.4616621], [-84.8964369, 33.4615316], [-84.8965099, 33.4614275], [-84.8965935, 33.4613083], [-84.8966784, 33.461187], [-84.8970111, 33.4607122], [-84.8970963, 33.4605906], [-84.8971746, 33.4604788]]]}, "properties": {"asset_id": "13b7666c-1b6f-3b9e-bf69-0208b65b5bfe", "asset_class": "power_line", "asset_name": null}}, {"type": "Feature", "geometry": {"type": "LineString", "coordinates": [[-84.8124948, 33.3966829], [-84.8112441, 33.3966629], [-84.8098807, 33.3966629], [-84.8087705, 33.3966508], [-84.8079084, 33.3966341], [-84.8068699, 33.3966341], [-84.8061418, 33.3966297], [-84.8055476, 33.3966209], [-84.8046576, 33.3966231], [-84.80409, 33.3961359], [-84.8031722, 33.3953419], [-84.8024679, 33.3947661], [-84.8019851, 33.3943143], [-84.8015673, 33.3938116], [-84.8013339, 33.393414], [-84.8009983, 33.3928471], [-84.8003789, 33.3928781], [-84.7995894, 33.3928913], [-84.7988531, 33.3928901], [-84.7979319, 33.3928951], [-84.7970925, 33.3928901], [-84.7961986, 33.3928964], [-84.795438, 33.3928939], [-84.7944683, 33.392904], [-84.7936593, 33.3929103], [-84.7928169, 33.3929154], [-84.7920139, 33.3929027], [-84.7908578, 33.3925334], [-84.7903427, 33.3923512], [-84.7900245, 33.3922513], [-84.7894064, 33.3925738], [-84.7885928, 33.3929925], [-84.7877307, 33.3934353], [-84.7873382, 33.3929672], [-84.7868316, 33.3923594], [-84.7864402, 33.3916154], [-84.7851076, 33.3919737], [-84.7842358, 33.3922188], [-84.7821767, 33.3913305], [-84.7812767, 33.3909678], [-84.7803351, 33.3901238], [-84.779468, 33.389316], [-84.7793503, 33.3885111], [-84.7790751, 33.3876469], [-84.7787186, 33.3866396], [-84.7787394, 33.3853982], [-84.7787463, 33.3841395], [-84.7787497, 33.3824775], [-84.7787671, 33.3807432], [-84.7787722, 33.3797676], [-84.7801032, 33.3785507], [-84.7809582, 33.3777789], [-84.7812421, 33.3775187], [-84.7820625, 33.3768062], [-84.7831978, 33.3757713], [-84.7844942, 33.3746122], [-84.7854531, 33.3737421], [-84.7860121, 33.3732376], [-84.7863704, 33.3729428]]}, "properties": {"asset_id": "1430aa6b-4fdd-3a80-bf16-9230cd426137", "asset_class": "power_line", "asset_name": null}}, {"type": "Feature", "geometry": {"type": "LineString", "coordinates": [[-84.8141539, 33.3793449], [-84.8143212, 33.3795133], [-84.8152432, 33.3793823], [-84.8163926, 33.3798317], [-84.8174685, 33.3802609], [-84.8183038, 33.379355], [-84.8190106, 33.3786525], [-84.8197159, 33.377945], [-84.8206125, 33.3783106], [-84.8217373, 33.378756], [-84.8223687, 33.3776327], [-84.8229396, 33.3766243], [-84.8235076, 33.3756207], [-84.8240756, 33.3746013], [-84.8251445, 33.3739807], [-84.8262396, 33.3733649], [-84.8273333, 33.3727552], [-84.8275932, 33.3720382], [-84.8278712, 33.3712904], [-84.828138, 33.3705794], [-84.8289651, 33.3700608], [-84.8297986, 33.3695381], [-84.83047, 33.3691176], [-84.8306011, 33.3692716], [-84.8324713, 33.3709058], [-84.8335218, 33.3718256], [-84.8345073, 33.3727034], [-84.8363523, 33.3743439], [-84.838232, 33.3760003], [-84.8392327, 33.3768861], [-84.8404635, 33.3779858], [-84.8404693, 33.3790776], [-84.8404904, 33.3802208], [-84.8394521, 33.3802305], [-84.8394249, 33.3815033], [-84.839414, 33.3825751], [-84.8382516, 33.382692], [-84.8372794, 33.3827635], [-84.8373569, 33.3833073]]}, "properties": {"asset_id": "160e7b23-d617-30df-a623-01edb7cb8b54", "asset_class": "power_line", "asset_name": null}}, {"type": "Feature", "geometry": {"type": "LineString", "coordinates": [[-84.9051454, 33.4530771], [-84.9050043, 33.4531583], [-84.9049079, 33.4532138], [-84.9048114, 33.4532693], [-84.9049355, 33.4534216], [-84.9050601, 33.4535745], [-84.9051847, 33.4537274], [-84.905304, 33.4538737], [-84.9054103, 33.4538144], [-84.9055165, 33.4537552], [-84.9056554, 33.4536778]]}, "properties": {"asset_id": "1cb83d9e-22e9-336c-93d0-ebee748b9704", "asset_class": "power_line", "asset_name": null}}, {"type": "Feature", "geometry": {"type": "LineString", "coordinates": [[-84.7470474, 33.4096451], [-84.7470472, 33.4094629]]}, "properties": {"asset_id": "1d422a3d-5ced-3f71-a716-38e3f68301f2", "asset_class": "power_line", "asset_name": null}}, {"type": "Feature", "geometry": {"type": "LineString", "coordinates": [[-84.9057417, 33.4532511], [-84.9058726, 33.4531891]]}, "properties": {"asset_id": "1fe30bd4-0388-3d4b-af6e-1470b5aadae4", "asset_class": "power_line", "asset_name": null}}, {"type": "Feature", "geometry": {"type": "LineString", "coordinates": [[-84.6457467, 33.5039733], [-84.645663, 33.5039095], [-84.6457041, 33.5038789]]}, "properties": {"asset_id": "1ffd20c2-9284-3f87-abc1-5532e04fb8e6", "asset_class": "power_line", "asset_name": null}}, {"type": "Feature", "geometry": {"type": "LineString", "coordinates": [[-84.6395903, 33.5089952], [-84.6389387, 33.5095933], [-84.6378062, 33.5106472], [-84.6367086, 33.5116806], [-84.6361639, 33.512313], [-84.6344024, 33.5139427], [-84.6335165, 33.5147653], [-84.6326286, 33.5154508], [-84.6319318, 33.5160883], [-84.6309617, 33.5169845], [-84.6301046, 33.5177779], [-84.629453, 33.5183982], [-84.6286144, 33.5191694], [-84.6279279, 33.5198068], [-84.6277398, 33.5199805], [-84.6275593, 33.5201472], [-84.6269947, 33.5206687], [-84.6262075, 33.5214021], [-84.6254663, 33.5220756], [-84.6245385, 33.5229186], [-84.6238376, 33.52358], [-84.623108, 33.5242534], [-84.6221666, 33.525117], [-84.6215027, 33.5257287], [-84.6207401, 33.5264501], [-84.6199529, 33.5271595], [-84.6191822, 33.5278997], [-84.61658, 33.5302916], [-84.6156921, 33.531126], [-84.615031, 33.5317307], [-84.6148992, 33.5318556]]}, "properties": {"asset_id": "21d1be1e-a195-3830-ac0c-3d44b6598c0f", "asset_class": "power_line", "asset_name": null}}, {"type": "Feature", "geometry": {"type": "LineString", "coordinates": [[-84.7329557, 33.4209879], [-84.732836, 33.4211011], [-84.7327996, 33.4211355]]}, "properties": {"asset_id": "26c2ef45-6279-353e-bc1b-cb1e5548a760", "asset_class": "power_line", "asset_name": null}}, {"type": "Feature", "geometry": {"type": "LineString", "coordinates": [[-84.8962488, 33.4615839], [-84.8956133, 33.4613318], [-84.8943788, 33.4607721], [-84.8943049, 33.4620204], [-84.8942534, 33.4632045], [-84.8941635, 33.4649784], [-84.8964982, 33.4663684], [-84.8990977, 33.4672886], [-84.9018169, 33.4682969], [-84.9034089, 33.4681264], [-84.9050493, 33.4680105], [-84.9072593, 33.4678062], [-84.9103043, 33.467564], [-84.912382, 33.4673744], [-84.9147706, 33.4671569], [-84.9187183, 33.4668318], [-84.9216731, 33.4665747], [-84.9234692, 33.4664144], [-84.9257946, 33.466221], [-84.9298818, 33.4658717], [-84.9327418, 33.4656213], [-84.9347591, 33.4654565], [-84.9373295, 33.4652302], [-84.9402132, 33.464971], [-84.9449509, 33.4645733], [-84.9484341, 33.4642734], [-84.9520256, 33.4639785], [-84.9555783, 33.4636709], [-84.9587938, 33.4633985], [-84.9627968, 33.4630492], [-84.965296, 33.4628427], [-84.9690831, 33.4625087], [-84.972109, 33.4622451], [-84.975156, 33.4619924], [-84.9796225, 33.4616255], [-84.9830777, 33.4613135], [-84.9848448, 33.4611685], [-84.989119, 33.4608082], [-84.9927559, 33.4604962], [-84.9947811, 33.4602545], [-84.9975411, 33.4599404], [-85.0004037, 33.45958], [-85.0040011, 33.4591692], [-85.0072878, 33.4587825], [-85.01052, 33.4584003], [-85.0133018, 33.4580783], [-85.0161703, 33.4577475], [-85.0186489, 33.4574422], [-85.0206358, 33.4572175], [-85.0238868, 33.4568278], [-85.0274649, 33.456399], [-85.0299739, 33.4559794], [-85.0328128, 33.4555025], [-85.0361875, 33.4549408], [-85.0396199, 33.4543447], [-85.0429341, 33.4537738], [-85.0466798, 33.453134], [-85.0502689, 33.4526617], [-85.0538332, 33.4521527], [-85.0569798, 33.4517491], [-85.0610113, 33.4512126], [-85.063034, 33.4509099], [-85.0651253, 33.4506325], [-85.0650896, 33.4491719], [-85.0650511, 33.4467229], [-85.0649961, 33.4430448], [-85.0649769, 33.4416988], [-85.0649934, 33.4395363], [-85.0650181, 33.437165], [-85.0650236, 33.4338833], [-85.0650401, 33.4295326], [-85.0650456, 33.4269066], [-85.0650154, 33.4245877], [-85.0649632, 33.4215005], [-85.064889, 33.4171813], [-85.0648562, 33.4153222], [-85.0648072, 33.41247], [-85.0647825, 33.410114], [-85.0648649, 33.407492], [-85.0649529, 33.4050579], [-85.0650271, 33.4025986], [-85.0650893, 33.4007171], [-85.0629808, 33.4012319], [-85.0617936, 33.4015255], [-85.0593752, 33.4021266], [-85.0555278, 33.4030672], [-85.0513534, 33.4040996], [-85.0477781, 33.4049714], [-85.0467173, 33.4060106], [-85.0457787, 33.4069723]]}, "properties": {"asset_id": "29195e8e-3234-38d9-bddf-b5ffdce9a631", "asset_class": "power_line", "asset_name": null}}, {"type": "Feature", "geometry": {"type": "Polygon", "coordinates": [[[-84.6618507, 33.5243543], [-84.6621713, 33.5240477], [-84.6619209, 33.5238658], [-84.6616004, 33.5241723], [-84.6618507, 33.5243543]]]}, "properties": {"asset_id": "29bd1f3c-4046-3bf1-91be-e1881aff2f14", "asset_class": "substation", "asset_name": "Palmetto Substation"}}, {"type": "Feature", "geometry": {"type": "LineString", "coordinates": [[-84.8170323, 33.4358563], [-84.8162397, 33.4359125], [-84.8157411, 33.4346778], [-84.8133116, 33.4344371], [-84.8107499, 33.4341911], [-84.8087501, 33.4340003], [-84.805591, 33.4337162], [-84.8026632, 33.4328782], [-84.8012062, 33.4324734], [-84.7982438, 33.4316405], [-84.7950074, 33.4307385], [-84.7901872, 33.4294083], [-84.7872497, 33.4285671], [-84.7853058, 33.4280353], [-84.783225, 33.4274473], [-84.7801744, 33.4266071], [-84.7790314, 33.4262814], [-84.7786296, 33.4261669], [-84.7753019, 33.4252147], [-84.772727, 33.4249189], [-84.7699727, 33.4245967], [-84.7672672, 33.4242504], [-84.7647285, 33.4239578], [-84.7629105, 33.4237392], [-84.7610798, 33.4235056], [-84.7592809, 33.4232891], [-84.7574716, 33.4230638], [-84.7552825, 33.422806], [-84.7535518, 33.422587], [-84.7513377, 33.4223244], [-84.7481097, 33.4219275], [-84.7452031, 33.4215787], [-84.7407706, 33.4210714], [-84.739098, 33.4208722], [-84.7359204, 33.4205244], [-84.7345934, 33.4203578], [-84.735948, 33.4190863], [-84.7375548, 33.417595], [-84.7385353, 33.4166626], [-84.7400659, 33.4152452], [-84.7411945, 33.4142181], [-84.7423917, 33.4130766], [-84.7433498, 33.412163], [-84.7448856, 33.4107251], [-84.746111, 33.4095778], [-84.7469363, 33.4096455]]}, "properties": {"asset_id": "2bd1fb24-e654-336a-88b9-6bab281d4f30", "asset_class": "power_line", "asset_name": null}}, {"type": "Feature", "geometry": {"type": "LineString", "coordinates": [[-84.8962488, 33.4615839], [-84.8961203, 33.4615225]]}, "properties": {"asset_id": "2d6ee654-3f73-3aa7-b500-3b44edc6339d", "asset_class": "power_line", "asset_name": null}}, {"type": "Feature", "geometry": {"type": "LineString", "coordinates": [[-84.6235198, 33.5176132], [-84.6236383, 33.5178709], [-84.6237052, 33.5180163], [-84.6237652, 33.5181467], [-84.6238332, 33.5182947], [-84.6239208, 33.5182638]]}, "properties": {"asset_id": "2ec538f9-14b8-3d31-999b-7e8aee0d789e", "asset_class": "power_line", "asset_name": null}}, {"type": "Feature", "geometry": {"type": "LineString", "coordinates": [[-84.6244693, 33.517124], [-84.6234651, 33.5174129]]}, "properties": {"asset_id": "2ef13a53-2af5-322b-b812-48e6e0611fc2", "asset_class": "power_line", "asset_name": null}}, {"type": "Feature", "geometry": {"type": "LineString", "coordinates": [[-84.9052948, 33.4536428], [-84.9043554, 33.454465], [-84.905911, 33.4567331], [-84.9067096, 33.4578513], [-84.9070336, 33.4604722], [-84.905137, 33.4611507], [-84.9042377, 33.4614576]]}, "properties": {"asset_id": "3110125e-49e1-320f-94cf-38a0ae1473cd", "asset_class": "power_line", "asset_name": null}}, {"type": "Feature", "geometry": {"type": "Polygon", "coordinates": [[[-84.732857, 33.4213341], [-84.7333006, 33.4208805], [-84.732931, 33.4206287], [-84.7324874, 33.4210822], [-84.732857, 33.4213341]]]}, "properties": {"asset_id": "31b72597-06dc-35c8-a1c8-25bcf4ec7a96", "asset_class": "substation", "asset_name": null}}, {"type": "Feature", "geometry": {"type": "LineString", "coordinates": [[-84.6235481, 33.5194653], [-84.6228549, 33.5196856], [-84.6228325, 33.5205837], [-84.6258349, 33.5205634], [-84.6267248, 33.5205161]]}, "properties": {"asset_id": "3321272b-52b4-316d-a8a4-9b70408e6c3f", "asset_class": "power_line", "asset_name": null}}, {"type": "Feature", "geometry": {"type": "LineString", "coordinates": [[-84.7256204, 33.4028154], [-84.7254141, 33.4029187], [-84.7264478, 33.4045968], [-84.7256937, 33.4065618], [-84.7253981, 33.4079585], [-84.7250017, 33.4098375], [-84.7246296, 33.4115554], [-84.725068, 33.4121333], [-84.726245, 33.4137021], [-84.7276351, 33.4155523], [-84.7287685, 33.4170701], [-84.729582, 33.4181066], [-84.7306519, 33.4195753], [-84.7322086, 33.4197436], [-84.7336627, 33.4199193], [-84.7330008, 33.4208003]]}, "properties": {"asset_id": "36afc86c-eb15-311e-97ce-c1b7492af3e0", "asset_class": "power_line", "asset_name": null}}, {"type": "Feature", "geometry": {"type": "LineString", "coordinates": [[-84.623415, 33.5192147], [-84.6228173, 33.5193997], [-84.6215196, 33.5188993], [-84.6205166, 33.5190821], [-84.618547, 33.519751], [-84.613387, 33.5215135], [-84.6089454, 33.5230142], [-84.6064126, 33.523896], [-84.602889, 33.5250884], [-84.5976856, 33.526585], [-84.5936406, 33.5277152], [-84.5900034, 33.5287518], [-84.5868089, 33.5296673], [-84.5820823, 33.531167], [-84.5779441, 33.5325021], [-84.5756423, 33.5332565], [-84.5723645, 33.5343246], [-84.5699621, 33.5351007], [-84.5679657, 33.5357372], [-84.563876, 33.537097], [-84.5597788, 33.5384507], [-84.5587471, 33.5387906]]}, "properties": {"asset_id": "39f5ebdd-d8c8-3a6e-8962-e07f2c49d6ce", "asset_class": "power_line", "asset_name": null}}, {"type": "Feature", "geometry": {"type": "LineString", "coordinates": [[-84.7461804, 33.4086798], [-84.7461916, 33.4076987], [-84.746193, 33.4066687], [-84.746331, 33.405186], [-84.7475495, 33.4051836], [-84.7487443, 33.4051825], [-84.749783, 33.4051743], [-84.7507673, 33.4051825], [-84.7514644, 33.405179], [-84.7518533, 33.4043666], [-84.7525184, 33.4030968], [-84.7534887, 33.4031003], [-84.7547574, 33.4030782], [-84.7547477, 33.4015698]]}, "properties": {"asset_id": "3aa6d82e-c853-309e-95c0-2534f08f094c", "asset_class": "power_line", "asset_name": null}}, {"type": "Feature", "geometry": {"type": "Polygon", "coordinates": [[[-84.9048516, 33.4619412], [-84.9043802, 33.4611228], [-84.9042803, 33.4610949], [-84.903544, 33.461393], [-84.9039544, 33.4621012], [-84.9042401, 33.4621874], [-84.9048516, 33.4619412]]]}, "properties": {"asset_id": "3d68679a-0b25-3888-be5a-a7dbf4770a9f", "asset_class": "substation", "asset_name": "Yates Common Substation"}}, {"type": "Feature", "geometry": {"type": "LineString", "coordinates": [[-84.8968897, 33.4606535], [-84.8967663, 33.4605938]]}, "properties": {"asset_id": "3ea76b23-bc7f-3e87-90a4-2f9cb2a15a68", "asset_class": "power_line", "asset_name": null}}, {"type": "Feature", "geometry": {"type": "LineString", "coordinates": [[-84.7327996, 33.4211355], [-84.7334997, 33.4215668], [-84.7324652, 33.4225268], [-84.7318076, 33.4231411], [-84.7310265, 33.4238703], [-84.7303261, 33.4245202], [-84.7296779, 33.4251404], [-84.7288565, 33.4259231], [-84.728206, 33.4265037], [-84.7276457, 33.4270208], [-84.7267815, 33.4278431], [-84.7255374, 33.42903], [-84.7248061, 33.4296977], [-84.7242363, 33.4302347], [-84.7233959, 33.4310114], [-84.7226219, 33.4317504], [-84.7216912, 33.4326064], [-84.7211336, 33.4331368], [-84.7200389, 33.4341634], [-84.7193668, 33.434792], [-84.7185769, 33.435535], [-84.7179039, 33.4361718], [-84.7171315, 33.4368885], [-84.7158642, 33.4380694], [-84.714773, 33.4390867], [-84.7136583, 33.4401255], [-84.7123266, 33.4413612], [-84.7113421, 33.4422778], [-84.7106343, 33.4429431], [-84.7099834, 33.4435473], [-84.7091155, 33.4443779], [-84.7083941, 33.4450364], [-84.7075235, 33.4458466], [-84.7067126, 33.4466024], [-84.7059938, 33.4472859], [-84.7054379, 33.447795], [-84.7047246, 33.4484558], [-84.703976, 33.4491619], [-84.7032492, 33.4498339], [-84.7024627, 33.4505762], [-84.7015731, 33.4514134], [-84.7007323, 33.4521986], [-84.7000868, 33.4527983], [-84.6995049, 33.4533239], [-84.6988063, 33.4539705], [-84.6981623, 33.4545746], [-84.697647, 33.4550443], [-84.6968331, 33.455803], [-84.6960416, 33.4565431], [-84.6951561, 33.4573749], [-84.6944474, 33.4580392], [-84.6937323, 33.4587116], [-84.6928882, 33.4594968], [-84.6928006, 33.4595806], [-84.6918641, 33.4604389], [-84.6909085, 33.461353], [-84.6898766, 33.4623083], [-84.6889081, 33.4632351], [-84.6879959, 33.464059], [-84.6870381, 33.4649558], [-84.6861872, 33.4657497], [-84.6850547, 33.4667768], [-84.6843127, 33.4674746], [-84.683435, 33.4682033], [-84.6823456, 33.469028], [-84.6818421, 33.4694104], [-84.6806335, 33.470338], [-84.6799429, 33.4708729], [-84.6785111, 33.4720619], [-84.6771126, 33.4733538], [-84.6760273, 33.4745162], [-84.6747633, 33.475941], [-84.6740953, 33.4767163], [-84.6735156, 33.4773502], [-84.6728641, 33.4780754], [-84.6721693, 33.4788023], [-84.6712914, 33.4795751], [-84.6704798, 33.480323], [-84.6697357, 33.4810121], [-84.6689547, 33.4817116], [-84.6679948, 33.4826219], [-84.6669897, 33.4835493], [-84.6665129, 33.4840019], [-84.6658202, 33.4846379], [-84.6652036, 33.4852208], [-84.6645356, 33.4858293], [-84.6637422, 33.4865647], [-84.6630957, 33.4871751], [-84.6624578, 33.4877566], [-84.6619067, 33.4882738], [-84.6608461, 33.4892543], [-84.6602542, 33.489796], [-84.6594484, 33.4905554], [-84.6580733, 33.4918198], [-84.6572457, 33.4925973], [-84.6564468, 33.4933154], [-84.6556048, 33.4941311], [-84.6544703, 33.4951698], [-84.6537746, 33.4958355], [-84.6530664, 33.4964896], [-84.6520183, 33.4974495], [-84.6511347, 33.4982604], [-84.6502949, 33.4990388], [-84.6487788, 33.5004438], [-84.6471016, 33.5019829], [-84.6456281, 33.5033723], [-84.6448736, 33.5040711], [-84.6445143, 33.5044039], [-84.6439717, 33.5049176], [-84.6426522, 33.5061288], [-84.6418296, 33.5069197], [-84.6406326, 33.508017], [-84.6395903, 33.5089952]]}, "properties": {"asset_id": "3ef9b990-142b-3a6c-9ff2-a3627a7f5e35", "asset_class": "power_line", "asset_name": null}}, {"type": "Feature", "geometry": {"type": "LineString", "coordinates": [[-84.6618064, 33.5241453], [-84.6617652, 33.5241182]]}, "properties": {"asset_id": "3f800085-a1ac-3b0f-987a-3fd5145b87f4", "asset_class": "power_line", "asset_name": null}}, {"type": "Feature", "geometry": {"type": "LineString", "coordinates": [[-84.907311, 33.3518231], [-84.9073641, 33.3523077], [-84.9085089, 33.3523058], [-84.908607, 33.3544], [-84.9086827, 33.3573518], [-84.9087661, 33.3609657], [-84.9088972, 33.3652896], [-84.9089608, 33.3680238], [-84.9090132, 33.3698924], [-84.9090211, 33.3701757], [-84.9090088, 33.3704619], [-84.9090525, 33.3716214], [-84.9090475, 33.3737412], [-84.9090012, 33.3764553], [-84.9090012, 33.3770118], [-84.9090012, 33.3783147], [-84.9089858, 33.3802729], [-84.9089513, 33.3825754], [-84.9088968, 33.3860004], [-84.9088422, 33.3886541], [-84.9087841, 33.3917479], [-84.9087295, 33.3942132], [-84.908675, 33.3965721], [-84.9086241, 33.399954], [-84.9085804, 33.4036576], [-84.9085295, 33.4076889], [-84.908715, 33.4112494], [-84.9088822, 33.4145337], [-84.909115, 33.4188679], [-84.9090779, 33.4219366], [-84.909031, 33.4248244], [-84.9089778, 33.4290587], [-84.9089414, 33.4315381], [-84.9089281, 33.4333013], [-84.9093226, 33.4380936], [-84.9096594, 33.4420437], [-84.909896, 33.4449681], [-84.910202, 33.448519], [-84.910482, 33.4519444], [-84.910793, 33.4552109], [-84.9103687, 33.4575213], [-84.9096078, 33.461803], [-84.9098902, 33.4641308], [-84.9102433, 33.4672296], [-84.9077252, 33.4675187], [-84.9056502, 33.4677393], [-84.9050229, 33.467806], [-84.9018494, 33.468083], [-84.8987303, 33.4669307], [-84.8966141, 33.4661864], [-84.89439, 33.4648715], [-84.8944826, 33.4632069], [-84.8945986, 33.4611051], [-84.8961671, 33.4617092]]}, "properties": {"asset_id": "431a924f-3d1d-3e85-a291-84a8ccbe3277", "asset_class": "power_line", "asset_name": "Yates - Dresden 230kV"}}, {"type": "Feature", "geometry": {"type": "Polygon", "coordinates": [[[-84.8377845, 33.3832469], [-84.8376913, 33.3832543], [-84.8376819, 33.3831718], [-84.8371567, 33.3832134], [-84.837232, 33.3838745], [-84.8377534, 33.3838332], [-84.8377065, 33.3834211], [-84.8378034, 33.3834134], [-84.8377845, 33.3832469]]]}, "properties": {"asset_id": "45e17bd5-8d05-3f53-8aed-fc02614cfbc1", "asset_class": "substation", "asset_name": null}}, {"type": "Feature", "geometry": {"type": "LineString", "coordinates": [[-84.7469416, 33.4094642], [-84.7470472, 33.4094629], [-84.7472157, 33.4094607]]}, "properties": {"asset_id": "47bd21b9-aa9d-3159-8af5-8d3d411a09c3", "asset_class": "power_line", "asset_name": null}}, {"type": "Feature", "geometry": {"type": "LineString", "coordinates": [[-84.7330968, 33.4208546], [-84.7330348, 33.4209132], [-84.7329557, 33.4209879]]}, "properties": {"asset_id": "48760622-2ad0-30bb-b0bc-71ad71ed6233", "asset_class": "power_line", "asset_name": null}}, {"type": "Feature", "geometry": {"type": "LineString", "coordinates": [[-84.9052113, 33.4535543], [-84.9040376, 33.4544538], [-84.9057582, 33.4568695], [-84.9042698, 33.4573728], [-84.9002998, 33.4558457], [-84.8976491, 33.4564096], [-84.8945139, 33.4571136], [-84.8917539, 33.4577334], [-84.8897692, 33.4581599], [-84.8876576, 33.4586157], [-84.8850901, 33.4591855], [-84.8837209, 33.4575808], [-84.8823359, 33.455981], [-84.8804148, 33.4537384], [-84.8786583, 33.4516921], [-84.8763189, 33.451344], [-84.8727448, 33.450805], [-84.8707424, 33.4504935], [-84.8686823, 33.4501691], [-84.8661481, 33.4497959], [-84.8644699, 33.4495482], [-84.8620534, 33.448665], [-84.8603934, 33.4480607], [-84.8587211, 33.4474492], [-84.8565105, 33.4466498], [-84.8546207, 33.4459727], [-84.8512839, 33.4447893], [-84.847879, 33.4435551], [-84.8450776, 33.4425168], [-84.8420406, 33.4414021], [-84.8392547, 33.4403911], [-84.8371582, 33.4396303], [-84.8348902, 33.4388105], [-84.8333278, 33.4382447], [-84.8310808, 33.4374173], [-84.8289794, 33.4366503], [-84.82619, 33.4356245], [-84.8244759, 33.435494], [-84.82069, 33.4351438], [-84.8182324, 33.4348979], [-84.8159247, 33.4346883], [-84.8163477, 33.4357698], [-84.8170034, 33.435768]]}, "properties": {"asset_id": "4880f08a-c61d-31df-9759-fb14ea8c33bd", "asset_class": "power_line", "asset_name": null}}, {"type": "Feature", "geometry": {"type": "Polygon", "coordinates": [[[-84.7259381, 33.4022628], [-84.7253684, 33.4024879], [-84.7256385, 33.4029643], [-84.7262082, 33.4027391], [-84.7259381, 33.4022628]]]}, "properties": {"asset_id": "489ef6ac-f1ac-3203-b4dc-6f8d5ff93cbd", "asset_class": "substation", "asset_name": "Yamaha Substation"}}, {"type": "Feature", "geometry": {"type": "LineString", "coordinates": [[-84.9043158, 33.4615744], [-84.9051797, 33.4612567], [-84.907148, 33.4605193], [-84.9069283, 33.4578309], [-84.9060856, 33.4566569], [-84.904574, 33.4544885], [-84.9053554, 33.453719]]}, "properties": {"asset_id": "4a24f7f0-11f8-37ec-a7a4-398767baec9e", "asset_class": "power_line", "asset_name": null}}, {"type": "Feature", "geometry": {"type": "Polygon", "coordinates": [[[-84.906354, 33.4534621], [-84.905653, 33.4526082], [-84.9045649, 33.45323], [-84.905266, 33.4540839], [-84.906354, 33.4534621]]]}, "properties": {"asset_id": "4bdbd609-e684-3ebe-a2ae-549f4ffe881a", "asset_class": "substation", "asset_name": null}}, {"type": "Feature", "geometry": {"type": "LineString", "coordinates": [[-84.9039887, 33.4617743], [-84.9026463, 33.4624664], [-84.901522, 33.4634866], [-84.9002884, 33.4646318], [-84.8995246, 33.465382], [-84.900125, 33.465871], [-84.9009645, 33.4666902], [-84.9015283, 33.4672372], [-84.9019328, 33.4676359], [-84.9022729, 33.4679375], [-84.9026574, 33.4682826], [-84.9029852, 33.4685816], [-84.9035889, 33.4691542], [-84.9043105, 33.4698096], [-84.9048513, 33.4703644], [-84.9059188, 33.4714753], [-84.9076776, 33.4734476], [-84.9082849, 33.474141], [-84.9088887, 33.4748738], [-84.9097445, 33.4758489], [-84.9105548, 33.4767774], [-84.9112443, 33.4775379], [-84.9117186, 33.4780634], [-84.9121648, 33.478586], [-84.9129996, 33.4795041], [-84.9136944, 33.480269], [-84.9140987, 33.4807318], [-84.9146795, 33.481364], [-84.9154723, 33.4822588], [-84.9159729, 33.4827858], [-84.9164349, 33.4833103], [-84.9169892, 33.4839491], [-84.9173438, 33.4840733], [-84.9179429, 33.4842896], [-84.9191296, 33.4847319], [-84.9197577, 33.4849719], [-84.9203811, 33.4852005], [-84.9210731, 33.4854538], [-84.9221259, 33.4858405], [-84.9228408, 33.4861014], [-84.9234437, 33.486349], [-84.9243503, 33.4866823], [-84.9254351, 33.4870614], [-84.9264468, 33.4874537], [-84.9272484, 33.4877375], [-84.9280683, 33.4880347], [-84.9288288, 33.4883242], [-84.9298588, 33.4887051], [-84.9306375, 33.4890029], [-84.9316371, 33.489362], [-84.9325009, 33.4896723], [-84.9335423, 33.4900456], [-84.9346327, 33.4904438], [-84.93571, 33.4908508], [-84.9366512, 33.4911849], [-84.9372287, 33.4913925], [-84.937604, 33.4915318], [-84.9386968, 33.491946], [-84.9400279, 33.492432], [-84.9413815, 33.4929315], [-84.9423026, 33.4932785], [-84.9437794, 33.4938351], [-84.9448173, 33.4942139], [-84.9461241, 33.4946858], [-84.9478217, 33.4953185], [-84.9493797, 33.4958941], [-84.950816, 33.4964294], [-84.9522345, 33.4969437], [-84.9536834, 33.4974811], [-84.9549116, 33.4979594], [-84.9562742, 33.4984397], [-84.9571776, 33.4987698], [-84.9577536, 33.499265], [-84.958629, 33.5000183], [-84.9593979, 33.5006933], [-84.9600577, 33.5012625], [-84.9607758, 33.5014931], [-84.9620724, 33.5019205], [-84.9632702, 33.502312], [-84.9646683, 33.5027669], [-84.9662289, 33.5033044], [-84.9672845, 33.5036556], [-84.9684772, 33.5040365], [-84.9695429, 33.5043792], [-84.9702763, 33.5046205], [-84.9718546, 33.5051494], [-84.9730422, 33.5055345], [-84.9742805, 33.5059365], [-84.9754122, 33.5063153], [-84.9764298, 33.506639], [-84.9780918, 33.5071912], [-84.9792134, 33.5075615], [-84.9799721, 33.5078069], [-84.9818753, 33.5084311], [-84.9829537, 33.508776], [-84.984187, 33.5091843], [-84.9850624, 33.5094742], [-84.9863667, 33.5099016], [-84.9878537, 33.5103861], [-84.9892975, 33.5108685], [-84.9903887, 33.5112281], [-84.9915965, 33.5116259], [-84.9927181, 33.5119771], [-84.9936367, 33.5124764], [-84.9946187, 33.5130223], [-84.9956464, 33.5136231], [-84.9963113, 33.5139574], [-84.9970122, 33.5143338], [-84.9974893, 33.5145877], [-84.998418, 33.5150976], [-84.9993214, 33.5155905], [-85.0004988, 33.51624], [-85.0016381, 33.5168578], [-85.0022243, 33.5171878], [-85.0033332, 33.5177928], [-85.0042213, 33.5182815], [-85.0048481, 33.5186158], [-85.0063833, 33.5194514], [-85.0077434, 33.5202046], [-85.0083601, 33.520543], [-85.0093573, 33.5210888], [-85.0103495, 33.5216304], [-85.0110498, 33.522007], [-85.0117273, 33.5223877], [-85.0123465, 33.5227199], [-85.0129809, 33.523052], [-85.0138056, 33.523456], [-85.0149551, 33.5240251], [-85.0162949, 33.5247718], [-85.0173708, 33.5254001], [-85.0185, 33.5260686], [-85.0195455, 33.526682], [-85.0207254, 33.5273801], [-85.0219383, 33.5280929], [-85.0231208, 33.5288058], [-85.0238415, 33.5292373], [-85.0249402, 33.5298804], [-85.0260847, 33.5305551], [-85.0272722, 33.5312532], [-85.0284852, 33.5319702], [-85.0297387, 33.5327148], [-85.0308857, 33.5334107], [-85.0319007, 33.5340177], [-85.0331694, 33.5347538], [-85.0344915, 33.5355385], [-85.0357247, 33.5362852], [-85.0367778, 33.5368986], [-85.0374502, 33.5372983], [-85.0380668, 33.5376811], [-85.0384906, 33.5379371], [-85.0394168, 33.5384701], [-85.0410205, 33.539424], [-85.0417057, 33.5398237], [-85.042406, 33.5402382], [-85.043048, 33.5406105], [-85.0436976, 33.5410081], [-85.0446213, 33.541558], [-85.0456794, 33.5421714], [-85.0466564, 33.5427678], [-85.0477628, 33.543428], [-85.0488469, 33.5440803], [-85.0497325, 33.544601], [-85.0506181, 33.5451216], [-85.0514935, 33.5456362], [-85.0520587, 33.5459817], [-85.053711, 33.5469964], [-85.0552763, 33.5479506], [-85.0570648, 33.5489943], [-85.058482, 33.5497867], [-85.0594057, 33.550455], [-85.0601872, 33.5511423], [-85.0610271, 33.5518951], [-85.0614991, 33.5524513], [-85.0620168, 33.5530751], [-85.0627121, 33.553773], [-85.0643614, 33.55571], [-85.0657655, 33.5572922], [-85.066962, 33.558632], [-85.0673905, 33.5592563], [-85.0673161, 33.5595944], [-85.0672013, 33.559727]]}, "properties": {"asset_id": "4bf22a6c-bd32-353c-9c91-b2840fa4394b", "asset_class": "power_line", "asset_name": null}}, {"type": "Feature", "geometry": {"type": "LineString", "coordinates": [[-84.7645461, 33.4224124], [-84.7645259, 33.4227076], [-84.7644888, 33.4236016], [-84.7654893, 33.4237197], [-84.7678136, 33.4239924], [-84.7700234, 33.4242651], [-84.7723342, 33.4245463], [-84.7753727, 33.4248977], [-84.7791271, 33.425966], [-84.7809961, 33.4264813], [-84.7833828, 33.4271532], [-84.7851758, 33.4276546], [-84.787439, 33.4282849], [-84.7903909, 33.4291114], [-84.7924902, 33.4296901], [-84.7955039, 33.4305364], [-84.7983655, 33.4313331], [-84.8010111, 33.4320684], [-84.8025761, 33.4324965], [-84.8056823, 33.4333883], [-84.8077294, 33.4335706], [-84.8089762, 33.4336895], [-84.8114698, 33.4339333], [-84.813714, 33.4341355], [-84.8173593, 33.4345001], [-84.820126, 33.4347459], [-84.8215651, 33.4348905], [-84.8246262, 33.43517], [-84.8263219, 33.4353186], [-84.8289057, 33.4362818], [-84.8309314, 33.4370071], [-84.8331352, 33.4378097], [-84.8351372, 33.4385429], [-84.8393786, 33.4400887], [-84.8424635, 33.4412103], [-84.8454391, 33.4422844], [-84.8477498, 33.4431127], [-84.8512598, 33.4443988], [-84.8542022, 33.4454708], [-84.8561353, 33.4461624], [-84.8588212, 33.4471432], [-84.8604334, 33.4477211], [-84.8622766, 33.4483817], [-84.864573, 33.4492278], [-84.8661119, 33.4494497], [-84.868767, 33.4498559], [-84.8706526, 33.4501452], [-84.87274, 33.4504602], [-84.8762856, 33.4510051], [-84.8788979, 33.4513816], [-84.8798115, 33.4524381], [-84.8808785, 33.4536721], [-84.8827808, 33.4559071], [-84.8839872, 33.4573257], [-84.8853812, 33.4589623], [-84.8876943, 33.4584511], [-84.8896986, 33.4580146], [-84.8916372, 33.4575925], [-84.8944662, 33.4569697], [-84.8976123, 33.4562754], [-84.900371, 33.4556733], [-84.9043025, 33.4571902], [-84.9055007, 33.4567856], [-84.9037519, 33.4543329], [-84.9051655, 33.45348]]}, "properties": {"asset_id": "4c654c08-12dc-3be7-b7d0-0dc419280180", "asset_class": "power_line", "asset_name": null}}, {"type": "Feature", "geometry": {"type": "LineString", "coordinates": [[-84.6231922, 33.5172456], [-84.6232741, 33.5172192], [-84.6233307, 33.5173392], [-84.6233778, 33.5174391], [-84.6233875, 33.5174595], [-84.6235198, 33.5176132]]}, "properties": {"asset_id": "506d7598-4996-3fa6-b7a2-1161352ac6fa", "asset_class": "power_line", "asset_name": null}}, {"type": "Feature", "geometry": {"type": "LineString", "coordinates": [[-84.6235586, 33.5180708], [-84.6229373, 33.5181957], [-84.6225076, 33.5180244], [-84.620133, 33.5187933], [-84.618522, 33.519335]]}, "properties": {"asset_id": "55224679-4298-3784-9041-bb91fdb11092", "asset_class": "power_line", "asset_name": null}}, {"type": "Feature", "geometry": {"type": "Polygon", "coordinates": [[[-84.9126205, 33.492642], [-84.9127702, 33.4925745], [-84.9127155, 33.49249], [-84.9125657, 33.4925574], [-84.9126205, 33.492642]]]}, "properties": {"asset_id": "5719f18c-be9e-3f59-be28-dad38648ee60", "asset_class": "substation", "asset_name": "Whitesburg Substation"}}, {"type": "Feature", "geometry": {"type": "LineString", "coordinates": [[-84.9044251, 33.4617813], [-84.9043586, 33.4618061], [-84.9042999, 33.4617046], [-84.9042418, 33.4616043], [-84.90417, 33.4614802], [-84.9041059, 33.4613694], [-84.904183, 33.46134]]}, "properties": {"asset_id": "5c1ae9d1-185a-33e5-aea9-94c36978fdc8", "asset_class": "power_line", "asset_name": null}}, {"type": "Feature", "geometry": {"type": "LineString", "coordinates": [[-84.6234148, 33.5173104], [-84.6244693, 33.517124]]}, "properties": {"asset_id": "5e6649e3-d787-306a-bffe-c0b586e75e7a", "asset_class": "power_line", "asset_name": null}}, {"type": "Feature", "geometry": {"type": "LineString", "coordinates": [[-84.6988063, 33.4539705], [-84.6981623, 33.4539978], [-84.6973763, 33.4540069], [-84.6956449, 33.4540151], [-84.6956678, 33.4534811], [-84.6957688, 33.4533461]]}, "properties": {"asset_id": "605be0db-d62c-3064-9f3c-54276ce7719f", "asset_class": "power_line", "asset_name": null}}, {"type": "Feature", "geometry": {"type": "LineString", "coordinates": [[-84.6457788, 33.503942], [-84.6457467, 33.5039733], [-84.6456422, 33.5040755]]}, "properties": {"asset_id": "61059fde-8d12-3d01-a5d8-9d10656113a8", "asset_class": "power_line", "asset_name": null}}, {"type": "Feature", "geometry": {"type": "LineString", "coordinates": [[-84.6237262, 33.5178443], [-84.6236383, 33.5178709]]}, "properties": {"asset_id": "61a2b930-2095-3d70-935c-7ae1631306f5", "asset_class": "power_line", "asset_name": null}}, {"type": "Feature", "geometry": {"type": "LineString", "coordinates": [[-84.8124948, 33.3966829], [-84.8131443, 33.3966752], [-84.8136327, 33.3966702], [-84.8152142, 33.3966723], [-84.8160173, 33.3966636], [-84.8167702, 33.3966824], [-84.8184231, 33.3966853], [-84.8199496, 33.396694], [-84.8204377, 33.3966896], [-84.8218639, 33.3967387], [-84.82347, 33.3967951], [-84.8242091, 33.39647], [-84.825241, 33.3959738], [-84.8271233, 33.395505], [-84.8274159, 33.3958748], [-84.8276162, 33.3961124], [-84.8278881, 33.3959718], [-84.8285022, 33.3956573], [-84.827547, 33.3944412], [-84.8266065, 33.3932306], [-84.8256423, 33.392041], [-84.8251975, 33.3917754]]}, "properties": {"asset_id": "6252c19d-01d4-30a6-a05c-96af2b85b5c5", "asset_class": "power_line", "asset_name": null}}, {"type": "Feature", "geometry": {"type": "LineString", "coordinates": [[-84.6275593, 33.5201472], [-84.6277856, 33.5201524], [-84.6291673, 33.5201617], [-84.6299959, 33.5204561], [-84.6312331, 33.5212765], [-84.6323038, 33.522058], [-84.6326526, 33.5226839]]}, "properties": {"asset_id": "64097656-17a7-37c4-8905-9ce3dbd8467a", "asset_class": "power_line", "asset_name": null}}, {"type": "Feature", "geometry": {"type": "LineString", "coordinates": [[-84.6618746, 33.5240205], [-84.6619095, 33.5240436]]}, "properties": {"asset_id": "6642e952-7f2e-386a-ae8d-69516c174577", "asset_class": "power_line", "asset_name": null}}, {"type": "Feature", "geometry": {"type": "LineString", "coordinates": [[-84.8626976, 33.4257316], [-84.8627571, 33.4254157]]}, "properties": {"asset_id": "66746bfd-9c3c-3e86-9735-d046483cdd81", "asset_class": "power_line", "asset_name": null}}, {"type": "Feature", "geometry": {"type": "Polygon", "coordinates": [[[-84.6328543, 33.522833], [-84.6329348, 33.5227278], [-84.632713, 33.5226098], [-84.6326324, 33.522715], [-84.6328543, 33.522833]]]}, "properties": {"asset_id": "6bf12f33-70c2-3a1a-908d-f7a2d8bb34bf", "asset_class": "substation", "asset_name": null}}, {"type": "Feature", "geometry": {"type": "Polygon", "coordinates": [[[-84.6464178, 33.5691607], [-84.6466637, 33.5689911], [-84.6464354, 33.5687612], [-84.6461567, 33.5689534], [-84.646354, 33.5691522], [-84.6464178, 33.5691607]]]}, "properties": {"asset_id": "6c6dd3be-7916-3bb1-9d75-0d8d2a2a2424", "asset_class": "substation", "asset_name": null}}, {"type": "Feature", "geometry": {"type": "LineString", "coordinates": [[-84.9042377, 33.4614576], [-84.90417, 33.4614802], [-84.9041124, 33.4614993]]}, "properties": {"asset_id": "6c823ce4-262d-300b-886d-e4e53c034b3a", "asset_class": "power_line", "asset_name": null}}, {"type": "Feature", "geometry": {"type": "LineString", "coordinates": [[-84.6288733, 33.5207241], [-84.6288572, 33.5201091], [-84.6288406, 33.5192058], [-84.6315269, 33.5167155], [-84.631081, 33.5163732], [-84.6294883, 33.5166506], [-84.6270781, 33.5170755], [-84.6256695, 33.5181377], [-84.6251634, 33.5189108], [-84.6246813, 33.5190452]]}, "properties": {"asset_id": "6dc99771-c0e8-365d-8f16-a1ccbb196162", "asset_class": "power_line", "asset_name": null}}, {"type": "Feature", "geometry": {"type": "LineString", "coordinates": [[-84.6617652, 33.5241182], [-84.661593, 33.5239896], [-84.6616804, 33.5239045], [-84.6619986, 33.5234785], [-84.6616504, 33.5231711], [-84.6612713, 33.5228172], [-84.6603919, 33.5222604], [-84.6593318, 33.5219232], [-84.6581218, 33.5213079], [-84.6569522, 33.5206944], [-84.6558814, 33.5201341], [-84.6545454, 33.5194384], [-84.6533327, 33.5188044], [-84.651787, 33.5180315], [-84.6509114, 33.5175551], [-84.6499783, 33.5168337], [-84.6490574, 33.5161465], [-84.6481243, 33.5154268], [-84.6471665, 33.5146985], [-84.6462374, 33.5140113], [-84.6452591, 33.5132778], [-84.644365, 33.5125958], [-84.6433393, 33.511828], [-84.6424123, 33.5111237], [-84.6414812, 33.510409], [-84.6404987, 33.5096721], [-84.6395903, 33.5089952]]}, "properties": {"asset_id": "70407ce8-11b3-3e39-b956-a2d50dc4f21d", "asset_class": "power_line", "asset_name": null}}, {"type": "Feature", "geometry": {"type": "Polygon", "coordinates": [[[-84.8252919, 33.3917568], [-84.8252095, 33.3917128], [-84.8251484, 33.3917925], [-84.8252309, 33.3918365], [-84.8252919, 33.3917568]]]}, "properties": {"asset_id": "710508ba-606e-39be-b592-fdde8b88d912", "asset_class": "substation", "asset_name": null}}, {"type": "Feature", "geometry": {"type": "LineString", "coordinates": [[-84.8963867, 33.4613706], [-84.8969917, 33.4617106]]}, "properties": {"asset_id": "723d7aea-d19d-3e9d-aa09-bb6e6e254197", "asset_class": "power_line", "asset_name": null}}, {"type": "Feature", "geometry": {"type": "LineString", "coordinates": [[-84.8627571, 33.4254157], [-84.862769, 33.4253521]]}, "properties": {"asset_id": "72735a2e-4945-3c66-8ef3-fcdc95b1e814", "asset_class": "power_line", "asset_name": null}}, {"type": "Feature", "geometry": {"type": "Polygon", "coordinates": [[[-84.645529, 33.5044535], [-84.6460561, 33.5039808], [-84.6456491, 33.5036652], [-84.645122, 33.5041378], [-84.645529, 33.5044535]]]}, "properties": {"asset_id": "72eb5c93-43f6-3679-8934-c6aa27dca5dd", "asset_class": "substation", "asset_name": null}}, {"type": "Feature", "geometry": {"type": "LineString", "coordinates": [[-84.6234651, 33.5174129], [-84.6233778, 33.5174391], [-84.6233138, 33.5174582]]}, "properties": {"asset_id": "752bcac6-d7d0-353a-a269-67d51d4b0638", "asset_class": "power_line", "asset_name": null}}, {"type": "Feature", "geometry": {"type": "LineString", "coordinates": [[-84.905613, 33.4531114], [-84.9057434, 33.4530378]]}, "properties": {"asset_id": "760bbca9-2856-364b-ac4f-b9fed0572087", "asset_class": "power_line", "asset_name": null}}, {"type": "Feature", "geometry": {"type": "LineString", "coordinates": [[-84.6898766, 33.4623083], [-84.688672, 33.4619383], [-84.6870344, 33.4614568], [-84.6855882, 33.4610222], [-84.683664, 33.460465], [-84.6822025, 33.4600151], [-84.6801802, 33.4594348], [-84.6787677, 33.4590079], [-84.6770413, 33.458507], [-84.6753299, 33.4579803], [-84.6745022, 33.4577405], [-84.6726918, 33.457216], [-84.6712425, 33.4567993], [-84.6691038, 33.4561439], [-84.6670877, 33.4555646], [-84.6652278, 33.454992], [-84.6630993, 33.4543665], [-84.6602332, 33.4535242], [-84.6589558, 33.4531488], [-84.6568845, 33.4525532], [-84.6549297, 33.4519856], [-84.6530423, 33.4514053], [-84.6513816, 33.4509451], [-84.6505145, 33.4506972], [-84.6474995, 33.4497743], [-84.6456335, 33.4492195], [-84.643838, 33.4487005], [-84.6421068, 33.4481815], [-84.6401275, 33.4476089], [-84.6382431, 33.4470464], [-84.6365947, 33.4465556], [-84.634266, 33.4458704], [-84.6332426, 33.4455687], [-84.6321173, 33.4452384], [-84.6298783, 33.4445987], [-84.6275045, 33.4439173], [-84.6255826, 33.4453642], [-84.624501, 33.4460519], [-84.6232386, 33.446801], [-84.6222161, 33.4474787], [-84.6214025, 33.447231], [-84.6208395, 33.4470509], [-84.620847, 33.4469716]]}, "properties": {"asset_id": "7719a8da-9b69-34c2-9268-d06bba3c5527", "asset_class": "power_line", "asset_name": null}}, {"type": "Feature", "geometry": {"type": "LineString", "coordinates": [[-84.7862923, 33.3728717], [-84.7862238, 33.3729289], [-84.7859355, 33.3731936], [-84.7855597, 33.3735287], [-84.7846423, 33.3743254], [-84.7839543, 33.3749479], [-84.7833539, 33.3754838], [-84.7827773, 33.3760039], [-84.7819937, 33.3767048], [-84.7811703, 33.3774243], [-84.7804154, 33.3781159], [-84.779772, 33.378717], [-84.7786651, 33.3797424], [-84.7780535, 33.3803129], [-84.7773369, 33.3810018], [-84.7767221, 33.3815657], [-84.775999, 33.3822333], [-84.7747103, 33.3834155], [-84.7736403, 33.384397], [-84.7729029, 33.3850792], [-84.7717021, 33.386171], [-84.770858, 33.3869649], [-84.7699406, 33.3877947], [-84.7691077, 33.3885606], [-84.7682254, 33.3893864], [-84.7673781, 33.390167], [-84.766346, 33.3911125], [-84.7654933, 33.3918877], [-84.7648712, 33.3922788]]}, "properties": {"asset_id": "7ceb1644-7e7f-3454-ad03-20edcb2440d9", "asset_class": "power_line", "asset_name": null}}, {"type": "Feature", "geometry": {"type": "LineString", "coordinates": [[-84.8967298, 33.4608966], [-84.8965998, 33.4608332]]}, "properties": {"asset_id": "7de07cd8-98b5-352e-8a13-796a839bfb7e", "asset_class": "power_line", "asset_name": null}}, {"type": "Feature", "geometry": {"type": "LineString", "coordinates": [[-84.8276162, 33.3961124], [-84.8280122, 33.3966536], [-84.828556, 33.3973391], [-84.8289697, 33.3978853], [-84.8292791, 33.3982766], [-84.8296683, 33.3988522], [-84.8300437, 33.3993974], [-84.830489, 33.4000882], [-84.8309369, 33.4007499], [-84.8316571, 33.4015817], [-84.8323265, 33.4023806], [-84.8327095, 33.4028193], [-84.83331, 33.4033973], [-84.8338937, 33.4038399], [-84.8347991, 33.4045139], [-84.8354104, 33.4049717], [-84.8360217, 33.4054078], [-84.8368551, 33.4060306], [-84.8376931, 33.4066586], [-84.8385219, 33.4072852], [-84.8390229, 33.408348], [-84.8394625, 33.4086894], [-84.8400753, 33.4091588], [-84.8406682, 33.409568], [-84.8410451, 33.4098711], [-84.8415553, 33.4103468], [-84.8420807, 33.4108226], [-84.842594, 33.4113801], [-84.8432497, 33.4121027], [-84.8438686, 33.4127843], [-84.8443787, 33.4133099], [-84.8449333, 33.4137625], [-84.8456472, 33.4142613], [-84.8462815, 33.4147229], [-84.8468361, 33.4150605], [-84.8476235, 33.4154991], [-84.8482869, 33.4159071], [-84.8492352, 33.416485], [-84.8502111, 33.4171768], [-84.8513341, 33.4179428], [-84.8522533, 33.4185975], [-84.853636, 33.4195064], [-84.8543691, 33.4200287], [-84.8553922, 33.420734], [-84.8570673, 33.4218653], [-84.8588421, 33.4231102], [-84.8595718, 33.4235808], [-84.8610233, 33.4245502], [-84.8618659, 33.4251481], [-84.862258, 33.4254271], [-84.8626976, 33.4257316], [-84.862937, 33.4258974], [-84.8641218, 33.4266788], [-84.8656969, 33.4277655], [-84.8665159, 33.4283293], [-84.8672543, 33.428924], [-84.8682059, 33.4296849], [-84.8693055, 33.4306008], [-84.8698413, 33.4310346], [-84.8707289, 33.4318104], [-84.8724566, 33.433202], [-84.8729484, 33.4341546], [-84.8732762, 33.4347316], [-84.8735444, 33.4352439], [-84.8739617, 33.4360025], [-84.8743193, 33.4366739], [-84.8746531, 33.4372957], [-84.8751686, 33.4382855], [-84.8757826, 33.4392256], [-84.876319, 33.4400636], [-84.876924, 33.4410236], [-84.8779462, 33.4425306], [-84.8786585, 33.4435576], [-84.8792814, 33.4444429], [-84.8792843, 33.4453158], [-84.8798809, 33.4464026], [-84.8804637, 33.4469867], [-84.8810552, 33.4478176], [-84.8816246, 33.4486233], [-84.8823352, 33.4496338], [-84.8830119, 33.4506067], [-84.8837881, 33.4516954], [-84.8844799, 33.4526965], [-84.8850404, 33.4534645], [-84.8855935, 33.4542966], [-84.8859853, 33.454866], [-84.8862459, 33.4552429], [-84.8866583, 33.4558357], [-84.8875076, 33.4570933], [-84.8879988, 33.4578112], [-84.8882931, 33.4582288], [-84.8886212, 33.4587012], [-84.8890524, 33.4593284], [-84.8895571, 33.460059], [-84.8902776, 33.460834], [-84.8911539, 33.4614199], [-84.8918744, 33.4619265], [-84.8925735, 33.4622154], [-84.8933744, 33.4625714], [-84.8946167, 33.4631218], [-84.8957885, 33.4636406], [-84.8966714, 33.4640089], [-84.897643, 33.4644539], [-84.8994938, 33.4653627], [-84.9002884, 33.4646318], [-84.901522, 33.4634866], [-84.9025939, 33.4624359], [-84.9039549, 33.4617171]]}, "properties": {"asset_id": "7e24567e-184e-36ec-b79f-88829734a1c0", "asset_class": "power_line", "asset_name": null}}, {"type": "Feature", "geometry": {"type": "LineString", "coordinates": [[-84.9052113, 33.4535543], [-84.9053009, 33.4535039]]}, "properties": {"asset_id": "7e5f7979-a471-351d-b896-5dbfc7eb147f", "asset_class": "power_line", "asset_name": null}}, {"type": "Feature", "geometry": {"type": "LineString", "coordinates": [[-84.6456867, 33.5681306], [-84.6457737, 33.5682305], [-84.6458119, 33.5682744]]}, "properties": {"asset_id": "7ee0e476-f92e-3156-a444-83e14f84944a", "asset_class": "power_line", "asset_name": null}}, {"type": "Feature", "geometry": {"type": "LineString", "coordinates": [[-84.9057111, 33.4534256], [-84.9059574, 33.4532885], [-84.9058726, 33.4531891], [-84.9057656, 33.4530638], [-84.9057434, 33.4530378], [-84.905631, 33.4529061], [-84.9055628, 33.4528262], [-84.9054618, 33.4528888], [-84.905319, 33.4529773]]}, "properties": {"asset_id": "7efcf653-7c29-3951-85c6-2c24c5459126", "asset_class": "power_line", "asset_name": null}}, {"type": "Feature", "geometry": {"type": "LineString", "coordinates": [[-84.6234148, 33.5173104], [-84.6233307, 33.5173392], [-84.6232486, 33.5173685]]}, "properties": {"asset_id": "7f8e274f-9d57-3686-8f86-ec6e94a4b8fe", "asset_class": "power_line", "asset_name": null}}, {"type": "Feature", "geometry": {"type": "LineString", "coordinates": [[-84.9055308, 33.4529741], [-84.905631, 33.4529061]]}, "properties": {"asset_id": "810c4c42-8558-372d-9e39-c3e74cc5dede", "asset_class": "power_line", "asset_name": null}}, {"type": "Feature", "geometry": {"type": "LineString", "coordinates": [[-84.8964811, 33.4612542], [-84.8971287, 33.4615238]]}, "properties": {"asset_id": "814a81da-0973-3822-a124-70ed0e494a3b", "asset_class": "power_line", "asset_name": null}}, {"type": "Feature", "geometry": {"type": "LineString", "coordinates": [[-85.0459622, 33.4071105], [-85.0465833, 33.406498], [-85.0479326, 33.4051651], [-85.0497601, 33.4047224], [-85.0516722, 33.4042755], [-85.0548256, 33.4034828], [-85.0573557, 33.4028599], [-85.0604259, 33.4021169], [-85.063026, 33.401468], [-85.0647834, 33.4010352], [-85.0647425, 33.4026396], [-85.0647192, 33.4035253], [-85.0646344, 33.4055838], [-85.0645655, 33.4075205], [-85.0644886, 33.4101082], [-85.0645078, 33.4115878], [-85.0645325, 33.413166], [-85.0645682, 33.4154255], [-85.064593, 33.416827], [-85.0646315, 33.4189924], [-85.0646754, 33.4219582], [-85.0647276, 33.4247863], [-85.0647689, 33.4268941], [-85.0647469, 33.4285936], [-85.0647469, 33.4306325], [-85.0647414, 33.4335772], [-85.0647276, 33.436421], [-85.0647139, 33.439283], [-85.0647075, 33.4416993], [-85.0647036, 33.4430452], [-85.0647386, 33.4452277], [-85.0647696, 33.4468848], [-85.0648279, 33.4490704], [-85.0648474, 33.4504421], [-85.0630169, 33.4506788], [-85.0605529, 33.4510096], [-85.0571522, 33.4514862], [-85.0552277, 33.451733], [-85.0531974, 33.4520123], [-85.0508534, 33.4523289], [-85.0486615, 33.4526272], [-85.0466716, 33.4528963], [-85.0434726, 33.4534431], [-85.041375, 33.4537966], [-85.0392061, 33.4541647], [-85.0362019, 33.4546771], [-85.0345385, 33.4549592], [-85.032673, 33.4552737], [-85.0298476, 33.4557568], [-85.0274574, 33.4561881], [-85.0242355, 33.4565512], [-85.0221602, 33.4567912], [-85.0199721, 33.4570408], [-85.0183942, 33.4572224], [-85.0163111, 33.4574753], [-85.0141774, 33.4577315], [-85.0124518, 33.4579358], [-85.0097575, 33.4582431], [-85.0088314, 33.4597884], [-85.0076964, 33.4616798], [-85.0069692, 33.4629162], [-85.0060442, 33.4644336], [-85.0053167, 33.4656524], [-85.0041933, 33.4675171], [-85.0025323, 33.4702545], [-85.0009642, 33.4728217], [-84.9996988, 33.4749471], [-84.9988357, 33.4763755], [-84.9977079, 33.4782599], [-84.9966281, 33.4800295], [-84.995514, 33.4818851], [-84.9942073, 33.4842197], [-84.9929452, 33.4864812], [-84.9917586, 33.4886389], [-84.9907569, 33.4904477], [-84.9895022, 33.4927188], [-84.9887387, 33.4942558], [-84.9880093, 33.4956874], [-84.9874695, 33.4967215], [-84.9867595, 33.4980476], [-84.9857675, 33.4998116], [-84.9845517, 33.5020135], [-84.9837007, 33.5035544], [-84.9824995, 33.5055292], [-84.9811454, 33.5077686], [-84.9805378, 33.5087819], [-84.9796162, 33.5103187], [-84.9786933, 33.5118532], [-84.9772636, 33.514217], [-84.9756393, 33.516897], [-84.9745695, 33.5186809], [-84.9736698, 33.5201688], [-84.9723568, 33.5223459], [-84.9713405, 33.5240486], [-84.9707326, 33.525058], [-84.9699837, 33.5262823], [-84.9691327, 33.5277295], [-84.9679753, 33.5296267], [-84.9666331, 33.5318725], [-84.9657092, 33.5334088], [-84.964649, 33.5351437], [-84.9632777, 33.5374258], [-84.9621932, 33.5392336], [-84.9613179, 33.5406563], [-84.9604669, 33.5420506], [-84.9589496, 33.5445838], [-84.9580123, 33.5461037], [-84.9570357, 33.5477258], [-84.9555127, 33.5502417], [-84.9544671, 33.5519722], [-84.9532174, 33.5538729], [-84.9518703, 33.5559843], [-84.9507399, 33.5577772], [-84.9485178, 33.5611337], [-84.9472695, 33.5630478], [-84.9457978, 33.5652856], [-84.9443054, 33.5675606], [-84.9432532, 33.5690132], [-84.9424898, 33.5701793], [-84.9412726, 33.5720072], [-84.9401722, 33.5736976], [-84.9391784, 33.5752103], [-84.9382294, 33.5766571], [-84.9369578, 33.5786037], [-84.9354619, 33.5808519], [-84.9345817, 33.5821978], [-84.9332596, 33.5842105], [-84.9323975, 33.5855111], [-84.9308363, 33.5878889], [-84.9298982, 33.5893252], [-84.9288972, 33.5908348], [-84.9273245, 33.5932201], [-84.9261822, 33.5949653], [-84.924543, 33.5974315], [-84.9230216, 33.5997655], [-84.9221559, 33.6010711], [-84.9209828, 33.6028332], [-84.9201324, 33.6041131], [-84.9189747, 33.6058837], [-84.9179502, 33.6074495], [-84.9165159, 33.6096303], [-84.9158358, 33.6106468], [-84.9150317, 33.6118323], [-84.9142891, 33.6135367], [-84.9135393, 33.6151807], [-84.9128149, 33.6167462], [-84.9119419, 33.6186556], [-84.9112248, 33.6202302], [-84.9105435, 33.6216953], [-84.9098161, 33.6232565], [-84.9084996, 33.62614], [-84.9075365, 33.6282684], [-84.9068808, 33.6296631], [-84.9056822, 33.6322905], [-84.904796, 33.6343207], [-84.9036485, 33.6363209], [-84.9028391, 33.6378008], [-84.9021681, 33.6389865], [-84.9015021, 33.6401763], [-84.9004776, 33.6420059], [-84.898946, 33.6447309], [-84.8978805, 33.646667], [-84.8966459, 33.6488461], [-84.8959185, 33.6501339], [-84.8948223, 33.6521039], [-84.8938951, 33.653801], [-84.8928655, 33.6558051], [-84.8918307, 33.6578049], [-84.890883, 33.6596852], [-84.8895665, 33.6622946], [-84.8884805, 33.6644178], [-84.8877019, 33.6659655], [-84.8870616, 33.6672061], [-84.8860985, 33.6691161], [-84.8854377, 33.6703823], [-84.8847257, 33.6717721], [-84.8835065, 33.6741509], [-84.8828611, 33.675434], [-84.8820107, 33.6770625], [-84.8812116, 33.6786312], [-84.8797978, 33.6814063], [-84.8788603, 33.6832136], [-84.8773697, 33.6861121], [-84.8765142, 33.6877574], [-84.8757509, 33.6892492], [-84.8746803, 33.6912994], [-84.8740195, 33.6926121], [-84.8733467, 33.6938286], [-84.8733431, 33.6954318], [-84.873296, 33.6969206], [-84.8732597, 33.6982526], [-84.8732308, 33.6994279], [-84.873209, 33.700344], [-84.8731728, 33.7019291], [-84.8731234, 33.7036415], [-84.8731158, 33.7039635], [-84.8744461, 33.704087]]}, "properties": {"asset_id": "8296ec54-f1b2-3fa0-8979-1b7c38381a6e", "asset_class": "power_line", "asset_name": null}}, {"type": "Feature", "geometry": {"type": "Polygon", "coordinates": [[[-84.8177996, 33.3822323], [-84.8178907, 33.3821713], [-84.8178299, 33.3821079], [-84.8177387, 33.3821689], [-84.8177996, 33.3822323]]]}, "properties": {"asset_id": "84ded37e-c282-3616-8e34-ca3c97648548", "asset_class": "substation", "asset_name": "W.L. Bonnell Substation #1"}}, {"type": "Feature", "geometry": {"type": "LineString", "coordinates": [[-84.8961671, 33.4617092], [-84.8962772, 33.4617597]]}, "properties": {"asset_id": "85e88f6b-b8db-3f31-b9fc-7147b946f84b", "asset_class": "power_line", "asset_name": null}}, {"type": "Feature", "geometry": {"type": "LineString", "coordinates": [[-84.6238332, 33.5182947], [-84.6236923, 33.5183458]]}, "properties": {"asset_id": "88d1ac57-8386-3263-8a0d-09ce4723548a", "asset_class": "power_line", "asset_name": null}}, {"type": "Feature", "geometry": {"type": "LineString", "coordinates": [[-84.7547477, 33.4015698], [-84.7560819, 33.4003325], [-84.757408, 33.3991188], [-84.759419, 33.3972815], [-84.7603632, 33.3964199], [-84.7628494, 33.3941585]]}, "properties": {"asset_id": "8b452df1-8f65-3803-a236-fbf01ef3e8fd", "asset_class": "power_line", "asset_name": null}}, {"type": "Feature", "geometry": {"type": "LineString", "coordinates": [[-84.9055165, 33.4537552], [-84.9054497, 33.4536774], [-84.9054419, 33.4536683], [-84.9053777, 33.4535935], [-84.90532, 33.4535263], [-84.9053009, 33.4535039], [-84.9052424, 33.4534358], [-84.9051915, 33.4533766], [-84.9051785, 33.4533614], [-84.9051175, 33.4532903], [-84.9050609, 33.4532243], [-84.9050446, 33.4532053], [-84.9050043, 33.4531583]]}, "properties": {"asset_id": "8bc5a9fc-2166-34f9-af38-679163dc8cd9", "asset_class": "power_line", "asset_name": null}}, {"type": "Feature", "geometry": {"type": "LineString", "coordinates": [[-84.8375024, 33.3832983], [-84.8374576, 33.3828952], [-84.8383902, 33.3828203], [-84.8395745, 33.3827136], [-84.8395931, 33.3816457], [-84.8396142, 33.3803645], [-84.8406506, 33.3803548], [-84.840641, 33.3790751], [-84.8406294, 33.3781359], [-84.8420471, 33.3793787], [-84.844295, 33.3813824], [-84.8455329, 33.3824773], [-84.8474815, 33.3842117], [-84.8488174, 33.3855118], [-84.849687, 33.3863553], [-84.8519443, 33.3885906], [-84.8535295, 33.3901559], [-84.8548595, 33.3914734], [-84.8565638, 33.3931434], [-84.858525, 33.3950729], [-84.8596457, 33.3961808], [-84.8607455, 33.3971763], [-84.8629003, 33.3991374], [-84.8645679, 33.4006669], [-84.8665463, 33.4024683], [-84.8678733, 33.4036783], [-84.869251, 33.405028], [-84.8713819, 33.4071112], [-84.872395, 33.4080991], [-84.873689, 33.4093515], [-84.87553, 33.4111178], [-84.8764953, 33.4129289], [-84.8772873, 33.4144007], [-84.8780613, 33.4158501], [-84.8787756, 33.4171597], [-84.8795155, 33.4185317], [-84.8805219, 33.4203973], [-84.8814392, 33.422085], [-84.8823148, 33.4237109], [-84.8834733, 33.4258328], [-84.8849318, 33.4285216], [-84.8856251, 33.4298285], [-84.886444, 33.4313375], [-84.8873196, 33.4329661], [-84.8880967, 33.4343927], [-84.8890859, 33.4362557], [-84.890613, 33.4380788], [-84.8915664, 33.4392584], [-84.893515, 33.4416376], [-84.8947612, 33.4431613], [-84.8957743, 33.4444032], [-84.8969488, 33.4458296], [-84.8990707, 33.4484105], [-84.9001944, 33.449787], [-84.9025823, 33.4526919], [-84.9037412, 33.4541002], [-84.9050986, 33.4534087]]}, "properties": {"asset_id": "8c9c44a7-a343-300b-b221-35cd4cdd691f", "asset_class": "power_line", "asset_name": null}}, {"type": "Feature", "geometry": {"type": "Polygon", "coordinates": [[[-84.7522808, 33.404479], [-84.7522832, 33.404675], [-84.7523313, 33.4046746], [-84.7524489, 33.4046736], [-84.7524465, 33.4044776], [-84.7522808, 33.404479]]]}, "properties": {"asset_id": "8cf29e99-e3fa-399a-9868-31596b2ac11e", "asset_class": "substation", "asset_name": "Bleyle America Substation"}}, {"type": "Feature", "geometry": {"type": "LineString", "coordinates": [[-84.7469363, 33.4096455], [-84.7470474, 33.4096451], [-84.7472145, 33.409643]]}, "properties": {"asset_id": "90f13146-e8a4-31d7-969c-d5010e2ec380", "asset_class": "power_line", "asset_name": null}}, {"type": "Feature", "geometry": {"type": "LineString", "coordinates": [[-84.6232486, 33.5173685], [-84.6226153, 33.5175718], [-84.6222113, 33.5179025], [-84.6217654, 33.5180649], [-84.6202204, 33.5185853], [-84.6194866, 33.5188161]]}, "properties": {"asset_id": "92386eb3-010c-3a09-a482-bf0841f3863a", "asset_class": "power_line", "asset_name": null}}, {"type": "Feature", "geometry": {"type": "LineString", "coordinates": [[-84.6324703, 33.5154202], [-84.6308205, 33.5169477], [-84.6296778, 33.5180237], [-84.6278799, 33.5196536], [-84.6265733, 33.5208686], [-84.6254434, 33.5219306], [-84.6243267, 33.5229626], [-84.622686, 33.5244696], [-84.6218149, 33.5252914], [-84.6204362, 33.5265635], [-84.6189396, 33.5279449], [-84.61761, 33.5291679], [-84.616513, 33.5301889], [-84.6154519, 33.5311471], [-84.614842, 33.5317867]]}, "properties": {"asset_id": "92912688-405b-3232-8783-842c6bbf5c95", "asset_class": "power_line", "asset_name": null}}, {"type": "Feature", "geometry": {"type": "LineString", "coordinates": [[-84.9052948, 33.4536428], [-84.9053777, 33.4535935]]}, "properties": {"asset_id": "952b7203-8602-35c4-b350-7994735350b9", "asset_class": "power_line", "asset_name": null}}, {"type": "Feature", "geometry": {"type": "Polygon", "coordinates": [[[-84.7891048, 33.392352], [-84.7891873, 33.3923075], [-84.7891388, 33.3922449], [-84.7890563, 33.3922894], [-84.7891048, 33.392352]]]}, "properties": {"asset_id": "98786af3-db89-35cf-a2c4-e0443dd09045", "asset_class": "substation", "asset_name": null}}, {"type": "Feature", "geometry": {"type": "LineString", "coordinates": [[-84.9044251, 33.4617813], [-84.9052922, 33.4614892], [-84.9061599, 33.4611446], [-84.9067499, 33.4615765], [-84.9077554, 33.4622363], [-84.9092155, 33.4626939], [-84.9106469, 33.4631267], [-84.9107274, 33.4652174], [-84.9108012, 33.4667092], [-84.9108742, 33.468527], [-84.9109736, 33.470658], [-84.9110694, 33.4727102], [-84.9112299, 33.4761513], [-84.9112742, 33.4773404], [-84.9121971, 33.4783689], [-84.914403, 33.4808271], [-84.9160926, 33.4827084], [-84.917167, 33.4838774], [-84.9192497, 33.4846291], [-84.921351, 33.4854055], [-84.9234691, 33.486187], [-84.9265373, 33.4873191], [-84.9290172, 33.4882349], [-84.9318474, 33.48928], [-84.9336127, 33.4899319], [-84.9355394, 33.4906434], [-84.9384957, 33.491735], [-84.9415559, 33.4928651], [-84.9433657, 33.4935333], [-84.9451755, 33.4942016], [-84.9472148, 33.4949546], [-84.9494515, 33.4957805], [-84.9508459, 33.4962954], [-84.9530703, 33.4971168], [-84.9555408, 33.498029], [-84.9572311, 33.4986531], [-84.9580031, 33.4993192], [-84.9592287, 33.5003766], [-84.9601319, 33.5011559], [-84.9614506, 33.5015888], [-84.9629476, 33.5020803], [-84.9648854, 33.5027165], [-84.9676567, 33.5036263], [-84.9703364, 33.5045061], [-84.9726983, 33.5052815], [-84.9751846, 33.5060977], [-84.9767103, 33.5065986], [-84.9793929, 33.5074793], [-84.9815381, 33.5081835], [-84.9830311, 33.5086737], [-84.9854915, 33.5094814], [-84.9875739, 33.510165], [-84.9900099, 33.5109647], [-84.9924982, 33.5117815], [-84.9941303, 33.512136], [-84.9945393, 33.5124971]]}, "properties": {"asset_id": "9a434dea-ba69-3272-a1e5-18ac2f5ed01b", "asset_class": "power_line", "asset_name": null}}, {"type": "Feature", "geometry": {"type": "LineString", "coordinates": [[-84.904383, 33.4616719], [-84.9042999, 33.4617046], [-84.9041275, 33.4617724]]}, "properties": {"asset_id": "9ed59e71-f210-39e7-9a92-5521b21a1fd0", "asset_class": "power_line", "asset_name": null}}, {"type": "Feature", "geometry": {"type": "LineString", "coordinates": [[-84.6244693, 33.517124], [-84.6265988, 33.5164019], [-84.6284321, 33.5157808], [-84.6299557, 33.5152532], [-84.6309678, 33.5149108], [-84.6327604, 33.5141873], [-84.6341884, 33.513637]]}, "properties": {"asset_id": "9f283c50-3e25-323f-8abf-c73e227e0e1a", "asset_class": "power_line", "asset_name": null}}, {"type": "Feature", "geometry": {"type": "LineString", "coordinates": [[-84.5099885, 33.5513207], [-84.5111206, 33.5511854], [-84.5117422, 33.5510518], [-84.5160442, 33.5500771], [-84.5211656, 33.5489068], [-84.525166, 33.5480035], [-84.5292184, 33.547097], [-84.5311329, 33.5466655], [-84.532932, 33.5462433], [-84.5364369, 33.5454642], [-84.5388505, 33.5449178], [-84.5409624, 33.5444739], [-84.5440725, 33.5434153], [-84.547205, 33.5424063], [-84.5510302, 33.5411428], [-84.5563459, 33.53938], [-84.5595952, 33.5382941], [-84.5637966, 33.5369094], [-84.5699945, 33.5348634], [-84.5722591, 33.53414], [-84.575563, 33.5330595], [-84.5778834, 33.5323175], [-84.5819992, 33.5309793], [-84.5867259, 33.5294641], [-84.5899216, 33.5285668], [-84.5935532, 33.5275267], [-84.5976094, 33.526384], [-84.6028016, 33.5249029], [-84.606314, 33.5237074], [-84.6088505, 33.5228318], [-84.6132892, 33.5213171], [-84.6184386, 33.5195605], [-84.6202797, 33.5189402], [-84.621754, 33.5185124], [-84.6229203, 33.5190879], [-84.6233096, 33.5189846]]}, "properties": {"asset_id": "a00ed3bb-4814-3866-95a5-f5c9392bba0e", "asset_class": "power_line", "asset_name": null}}, {"type": "Feature", "geometry": {"type": "LineString", "coordinates": [[-84.9055308, 33.4529741], [-84.906536, 33.4521421], [-84.906363, 33.4518668], [-84.9038418, 33.4532976], [-84.9028759, 33.4521247], [-84.9015341, 33.4504863], [-84.9001311, 33.4487792], [-84.8993005, 33.4477815], [-84.8969368, 33.4448843], [-84.8962266, 33.4440408], [-84.8952632, 33.4428549], [-84.8941711, 33.4415223], [-84.8922606, 33.4391831], [-84.8912881, 33.4380146], [-84.8896054, 33.4360021], [-84.8888324, 33.4345115], [-84.8879737, 33.432913], [-84.8868863, 33.43089], [-84.8861476, 33.4295262], [-84.885478, 33.4282888], [-84.8843541, 33.4262087], [-84.8835118, 33.4246519], [-84.8825483, 33.4228732], [-84.8812118, 33.4204203], [-84.880792, 33.4196153], [-84.8792694, 33.4168008], [-84.8780392, 33.4145119], [-84.8774838, 33.4135005], [-84.8760782, 33.410819], [-84.8738834, 33.4087429], [-84.8728816, 33.4077691], [-84.8720287, 33.4069418], [-84.8696718, 33.4046482], [-84.8683618, 33.4033195], [-84.867004, 33.4021261], [-84.8651334, 33.400418], [-84.8641157, 33.3994952], [-84.8627632, 33.3982529], [-84.8612115, 33.3968287], [-84.8601141, 33.3958327], [-84.8587722, 33.3945127], [-84.8566279, 33.3924051], [-84.85417, 33.3899847], [-84.8524535, 33.3882942], [-84.8495383, 33.3854526], [-84.8479284, 33.3838391], [-84.8462631, 33.3823653], [-84.8449292, 33.3811761], [-84.8425724, 33.3790815], [-84.8410486, 33.3777467], [-84.8387682, 33.3757161], [-84.8366805, 33.3738795], [-84.8349144, 33.3723327], [-84.8329476, 33.3705894], [-84.8310679, 33.3689452], [-84.8289113, 33.3665112], [-84.8267878, 33.3641583], [-84.8253015, 33.3624254], [-84.8243902, 33.3605339], [-84.8233829, 33.3585122], [-84.8226043, 33.3569508], [-84.8213451, 33.3543972], [-84.8198372, 33.3512609], [-84.8171754, 33.3471056], [-84.8160022, 33.3452253], [-84.8141492, 33.342269], [-84.8128748, 33.3402298], [-84.812327, 33.340438], [-84.810977, 33.3399347], [-84.8090961, 33.339924], [-84.8067909, 33.3399109], [-84.8041049, 33.3398956], [-84.8037053, 33.3404793]]}, "properties": {"asset_id": "a25b5e76-334e-3e8a-8d00-f890996404b4", "asset_class": "power_line", "asset_name": null}}, {"type": "Feature", "geometry": {"type": "LineString", "coordinates": [[-84.6341884, 33.513637], [-84.6340784, 33.5137754], [-84.6337203, 33.5141326], [-84.6324703, 33.5154202]]}, "properties": {"asset_id": "a5109079-1b10-3720-a7cc-3ce16edd8d28", "asset_class": "power_line", "asset_name": null}}, {"type": "Feature", "geometry": {"type": "LineString", "coordinates": [[-84.7648712, 33.3922788], [-84.7650374, 33.3921262], [-84.7654166, 33.3923984]]}, "properties": {"asset_id": "a57d137f-8564-3448-841f-21551bd0ffc2", "asset_class": "power_line", "asset_name": null}}, {"type": "Feature", "geometry": {"type": "Polygon", "coordinates": [[[-84.6770769, 33.3780058], [-84.6766202, 33.3777985], [-84.6763756, 33.3781741], [-84.6768323, 33.3783815], [-84.6770769, 33.3780058]]]}, "properties": {"asset_id": "a6eb2f6f-1d24-3338-93ec-f72ea59f8b06", "asset_class": "substation", "asset_name": "Summer Grove Substation"}}, {"type": "Feature", "geometry": {"type": "LineString", "coordinates": [[-84.9049732, 33.4532514], [-84.9042884, 33.4534915], [-84.9038136, 33.4536163], [-84.9027114, 33.4522806], [-84.9014592, 33.450742], [-84.9000815, 33.4490639], [-84.8991968, 33.4479866], [-84.8973081, 33.4456725], [-84.8961007, 33.4442112], [-84.8950726, 33.4429718], [-84.8940535, 33.4417274], [-84.893133, 33.4405952], [-84.8920213, 33.4392335], [-84.891029, 33.4380065], [-84.8894215, 33.436095], [-84.8882966, 33.4339579], [-84.8875883, 33.4326535], [-84.8867396, 33.4310947], [-84.8860671, 33.4298526], [-84.885326, 33.4284733], [-84.8840498, 33.4261237], [-84.8832314, 33.4246168], [-84.8823811, 33.4230305], [-84.8809017, 33.4202992], [-84.8795118, 33.4177396], [-84.8788538, 33.4164971], [-84.8779639, 33.4148709], [-84.8773227, 33.4136771], [-84.8758688, 33.410946], [-84.8731312, 33.4083041], [-84.8718461, 33.4070542], [-84.869518, 33.4047839], [-84.8681642, 33.4034666], [-84.866646, 33.4020744], [-84.8649276, 33.40051], [-84.8636035, 33.3993079], [-84.8624944, 33.3982918], [-84.8609475, 33.3968812], [-84.8599326, 33.3959529], [-84.8589574, 33.394986], [-84.8575258, 33.3935787], [-84.8563513, 33.3924209], [-84.8538409, 33.3899407], [-84.8522181, 33.3883711], [-84.8494656, 33.3856337], [-84.8477711, 33.3839767], [-84.8461124, 33.3825043], [-84.8446929, 33.3812541], [-84.8423887, 33.3792127], [-84.8409392, 33.3779175], [-84.8386862, 33.3759366], [-84.8367803, 33.3742501], [-84.8348706, 33.372553], [-84.8336184, 33.3714498], [-84.832408, 33.3703716], [-84.8309018, 33.3690663], [-84.828765, 33.3666602], [-84.8266072, 33.3642815], [-84.8251069, 33.3625343], [-84.8241347, 33.3605276], [-84.8234639, 33.3591795], [-84.8224801, 33.3571646], [-84.8208189, 33.3558543], [-84.8186122, 33.3540934], [-84.8160644, 33.3520924], [-84.8168817, 33.3502571], [-84.8177211, 33.3484099], [-84.8165684, 33.3465829], [-84.8156961, 33.3451695]]}, "properties": {"asset_id": "aa290602-5556-3af1-84c2-6397036c7e14", "asset_class": "power_line", "asset_name": null}}, {"type": "Feature", "geometry": {"type": "Polygon", "coordinates": [[[-84.9304175, 33.506246], [-84.930388, 33.506097], [-84.9302102, 33.5061215], [-84.9302397, 33.5062705], [-84.9304175, 33.506246]]]}, "properties": {"asset_id": "ad33b534-f89e-35a4-8dbe-80235c389785", "asset_class": "substation", "asset_name": "Canyon Road Substation"}}, {"type": "Feature", "geometry": {"type": "LineString", "coordinates": [[-84.7330008, 33.4208003], [-84.7329477, 33.4208484], [-84.7330348, 33.4209132]]}, "properties": {"asset_id": "b0ebb23f-9d45-3d95-b187-9702c855d58d", "asset_class": "power_line", "asset_name": null}}, {"type": "Feature", "geometry": {"type": "LineString", "coordinates": [[-84.6237735, 33.5179961], [-84.6245129, 33.5176601], [-84.6243907, 33.5173968], [-84.6279382, 33.5161288]]}, "properties": {"asset_id": "b4ed1a4a-2e34-370a-8002-fe245830bafe", "asset_class": "power_line", "asset_name": null}}, {"type": "Feature", "geometry": {"type": "LineString", "coordinates": [[-84.6457041, 33.5038789], [-84.6458907, 33.5037149], [-84.6455473, 33.503294], [-84.6437698, 33.5049366], [-84.641976, 33.506609], [-84.6408256, 33.5076816], [-84.6394441, 33.5089545], [-84.638211, 33.5101136], [-84.6373127, 33.5109429], [-84.6366103, 33.5115913], [-84.6353346, 33.5128015], [-84.6344347, 33.5137173], [-84.6338355, 33.5142599], [-84.6324703, 33.5154202]]}, "properties": {"asset_id": "b648009e-30af-3755-ab3a-f3f8e13bb9f5", "asset_class": "power_line", "asset_name": null}}, {"type": "Feature", "geometry": {"type": "LineString", "coordinates": [[-84.9041275, 33.4617724], [-84.904014, 33.4618171], [-84.9039887, 33.4617743], [-84.9039549, 33.4617171]]}, "properties": {"asset_id": "b90abba5-b451-34ad-84e0-7efdc41e41bb", "asset_class": "power_line", "asset_name": null}}, {"type": "Feature", "geometry": {"type": "LineString", "coordinates": [[-84.8035772, 33.3416104], [-84.8032028, 33.3421142], [-84.8053763, 33.3438492], [-84.8095195, 33.347177], [-84.8090231, 33.348906], [-84.810951, 33.3510515], [-84.8121202, 33.3523463], [-84.8161436, 33.3523691], [-84.8185564, 33.3542916], [-84.8207037, 33.3559939], [-84.8223259, 33.357269], [-84.823261, 33.3591995], [-84.82393, 33.360565], [-84.8246622, 33.3620353], [-84.8250481, 33.3628596], [-84.826481, 33.3644019], [-84.8287882, 33.3669652], [-84.8307637, 33.3691891], [-84.8326136, 33.3707965], [-84.8345744, 33.3725261], [-84.8363103, 33.374065], [-84.8384053, 33.3759268], [-84.8408261, 33.3780456], [-84.8425206, 33.379553], [-84.8446341, 33.3814521], [-84.8458387, 33.3825179], [-84.8476214, 33.384092], [-84.8494145, 33.3858314], [-84.8519339, 33.3883292], [-84.8535567, 33.3899212], [-84.8550749, 33.3914209], [-84.8565005, 33.3928232], [-84.858461, 33.394752], [-84.8597819, 33.396052], [-84.8608578, 33.3970351], [-84.8620114, 33.398093], [-84.8630365, 33.3990236], [-84.8643873, 33.4002537], [-84.865774, 33.4015261], [-84.8680244, 33.4035819], [-84.8694221, 33.4049393], [-84.8717043, 33.4071667], [-84.8725172, 33.407955], [-84.8739936, 33.409402], [-84.875706, 33.411051], [-84.8769852, 33.4134558], [-84.8775111, 33.4144387], [-84.8782164, 33.4157309], [-84.8790712, 33.4173], [-84.8806223, 33.4201811], [-84.8815278, 33.4218448], [-84.8822451, 33.4231694], [-84.8830161, 33.4245936], [-84.8839396, 33.4263172], [-84.8851589, 33.4285495], [-84.8861661, 33.4304126], [-84.8874601, 33.4328095], [-84.8884045, 33.4345478], [-84.8892742, 33.4361913], [-84.8908253, 33.4380443], [-84.8917876, 33.4392339], [-84.8937122, 33.4416006], [-84.8949017, 33.4430545], [-84.8960374, 33.4444285], [-84.896916, 33.4454983], [-84.8991455, 33.4482189], [-84.9001138, 33.4493959], [-84.902684, 33.4525054], [-84.9037626, 33.4538406], [-84.9050448, 33.453336]]}, "properties": {"asset_id": "bba18bbe-b34a-32d3-9f46-ab78d6379883", "asset_class": "power_line", "asset_name": null}}, {"type": "Feature", "geometry": {"type": "Polygon", "coordinates": [[[-85.0173361, 33.4266849], [-85.0169316, 33.4263576], [-85.016603, 33.4266405], [-85.0170076, 33.4269677], [-85.0173361, 33.4266849]]]}, "properties": {"asset_id": "bcc65739-5fef-365a-91c6-2618319ed252", "asset_class": "substation", "asset_name": "Wansley Pump Station Substation"}}, {"type": "Feature", "geometry": {"type": "LineString", "coordinates": [[-84.6279382, 33.5161288], [-84.6310753, 33.5150586], [-84.6335885, 33.514067], [-84.6359805, 33.5131316], [-84.6404999, 33.5113542], [-84.6442114, 33.5099098], [-84.6475549, 33.5085814], [-84.6508131, 33.50805], [-84.6542778, 33.5074737], [-84.6573296, 33.5069835], [-84.6607808, 33.5064334], [-84.6638101, 33.505932], [-84.6665073, 33.5054942], [-84.670156, 33.5054567], [-84.6726872, 33.5054305], [-84.676089, 33.5054043], [-84.6801095, 33.5054862], [-84.6833126, 33.5055438], [-84.6860054, 33.5055962], [-84.6892277, 33.5048478], [-84.6931995, 33.5040507], [-84.6977413, 33.5031189], [-84.7001199, 33.5026361], [-84.7034589, 33.5019475], [-84.7076237, 33.5011167], [-84.7106575, 33.5004955], [-84.713799, 33.4998256], [-84.7184617, 33.4988114], [-84.7226561, 33.4979254], [-84.7276003, 33.4969587], [-84.7323709, 33.4960381], [-84.7348213, 33.4955478], [-84.7400901, 33.4945373], [-84.7442818, 33.4937176], [-84.7494654, 33.4927183], [-84.7537693, 33.4918837], [-84.7600748, 33.4906635], [-84.7660125, 33.4895156], [-84.7704177, 33.488678], [-84.776333, 33.4867618], [-84.7806806, 33.4853485], [-84.7852757, 33.4838398], [-84.7897249, 33.4824106], [-84.7947135, 33.4807801], [-84.7989151, 33.4794249], [-84.8039482, 33.4777944], [-84.8083847, 33.4763438], [-84.8129163, 33.4749991], [-84.8158867, 33.4741203], [-84.8198852, 33.4729291], [-84.8231285, 33.4718597], [-84.8281544, 33.4702013], [-84.8328084, 33.4686626], [-84.8366007, 33.4679626], [-84.8416316, 33.4670378], [-84.8462856, 33.4661805], [-84.8501632, 33.4654766], [-84.8545813, 33.4646633], [-84.8592325, 33.4638099], [-84.8629965, 33.463114], [-84.8665486, 33.4624567], [-84.8710044, 33.4616364], [-84.8765726, 33.4607969], [-84.8816541, 33.4600291], [-84.8853022, 33.4594795], [-84.8883909, 33.4587945], [-84.8909894, 33.4582205], [-84.8950882, 33.4601871], [-84.8967298, 33.4608966]]}, "properties": {"asset_id": "bf7f85b0-d1d1-3c6a-83c4-ab5c8d45ee3b", "asset_class": "power_line", "asset_name": null}}, {"type": "Feature", "geometry": {"type": "LineString", "coordinates": [[-84.7547477, 33.4015698], [-84.7556055, 33.4009496], [-84.7563667, 33.4002537], [-84.757022, 33.3996531], [-84.7579338, 33.398815], [-84.7596208, 33.397274], [-84.7607849, 33.3962031], [-84.7628494, 33.3941585]]}, "properties": {"asset_id": "bfa98580-dbfe-3964-be4e-8f4bdf412c24", "asset_class": "power_line", "asset_name": null}}, {"type": "Feature", "geometry": {"type": "Polygon", "coordinates": [[[-84.6296246, 33.5205921], [-84.6274823, 33.5206017], [-84.6272188, 33.5208342], [-84.6272227, 33.521857], [-84.629538, 33.5218506], [-84.6297342, 33.5217785], [-84.6297342, 33.5207091], [-84.6296246, 33.5205921]]]}, "properties": {"asset_id": "c0376099-0dc6-32b8-8708-bb29bee153d8", "asset_class": "substation", "asset_name": null}}, {"type": "Feature", "geometry": {"type": "LineString", "coordinates": [[-84.8964811, 33.4612542], [-84.8965935, 33.4613083]]}, "properties": {"asset_id": "c08e9d1f-9857-31be-a23a-e24dae2d7497", "asset_class": "power_line", "asset_name": null}}, {"type": "Feature", "geometry": {"type": "LineString", "coordinates": [[-85.0594716, 33.5504004], [-85.0586489, 33.5498113], [-85.0570991, 33.5489554], [-85.0553226, 33.5479328], [-85.0537548, 33.546965], [-85.0515216, 33.5455097], [-85.049105, 33.5440624], [-85.0472938, 33.5429753], [-85.0460535, 33.5422438], [-85.0446931, 33.5414346], [-85.0432021, 33.5405653], [-85.0418471, 33.5397405], [-85.0382968, 33.5376306], [-85.0367604, 33.5367323], [-85.0335862, 33.5348425], [-85.0317697, 33.5337664], [-85.0307961, 33.533186], [-85.0275499, 33.5312627], [-85.0256667, 33.5301377], [-85.0236289, 33.5289436], [-85.0208095, 33.5272804], [-85.0195051, 33.5265266], [-85.0185502, 33.5250434], [-85.0175979, 33.5235714], [-85.0165283, 33.5233757], [-85.0147892, 33.523051], [-85.0123219, 33.5225685], [-85.0115163, 33.5221082], [-85.0105534, 33.5215812], [-85.0083875, 33.5203959], [-85.006595, 33.5194286], [-85.0049679, 33.5185235], [-85.0018817, 33.5168378], [-84.9987422, 33.5151276], [-84.997686, 33.5145494], [-84.9968164, 33.514078], [-84.9955947, 33.5134241], [-84.9946718, 33.5126013]]}, "properties": {"asset_id": "c097fe60-ae09-3d6d-bfba-45748f4afdd1", "asset_class": "power_line", "asset_name": null}}, {"type": "Feature", "geometry": {"type": "LineString", "coordinates": [[-84.9050986, 33.4534087], [-84.9051785, 33.4533614]]}, "properties": {"asset_id": "c3baab57-2af1-3922-8a28-ab2972a33cc4", "asset_class": "power_line", "asset_name": null}}, {"type": "Feature", "geometry": {"type": "LineString", "coordinates": [[-84.9372287, 33.4913925], [-84.9367449, 33.4922502], [-84.9362191, 33.4932092], [-84.9357009, 33.4942976], [-84.935107, 33.4955026], [-84.9345244, 33.4967139], [-84.933836, 33.4981019], [-84.9331778, 33.499493], [-84.932338, 33.5012436], [-84.9312751, 33.5033727], [-84.930685, 33.5045777], [-84.929849, 33.5062399], [-84.9293276, 33.5073837], [-84.9287305, 33.5086488], [-84.9278894, 33.510322], [-84.9273496, 33.5114678], [-84.9269622, 33.5122105], [-84.9260549, 33.5141155], [-84.9250317, 33.5161391], [-84.9241376, 33.5179585], [-84.9234224, 33.5194244], [-84.922578, 33.521205], [-84.9218097, 33.5227647], [-84.9209954, 33.5244225], [-84.9201287, 33.5260778], [-84.9195634, 33.5272256], [-84.9191048, 33.5277605]]}, "properties": {"asset_id": "c4654ad7-1c39-3e3f-93e7-b2aa2e755b65", "asset_class": "power_line", "asset_name": null}}, {"type": "Feature", "geometry": {"type": "LineString", "coordinates": [[-84.9043158, 33.4615744], [-84.9042418, 33.4616043], [-84.9041799, 33.4616275]]}, "properties": {"asset_id": "c4c26bda-9c5d-3b55-abc9-6867ee827433", "asset_class": "power_line", "asset_name": null}}, {"type": "Feature", "geometry": {"type": "LineString", "coordinates": [[-84.896555, 33.461135], [-84.8964325, 33.4610737]]}, "properties": {"asset_id": "c6260cfd-ea1e-3a61-8a7d-7d05a5aa6ff7", "asset_class": "power_line", "asset_name": null}}, {"type": "Feature", "geometry": {"type": "LineString", "coordinates": [[-84.9056554, 33.4536778], [-84.9058412, 33.4535743], [-84.9057111, 33.4534256], [-84.9055995, 33.4532979], [-84.9054048, 33.4530753], [-84.905319, 33.4529773], [-84.9051454, 33.4530771]]}, "properties": {"asset_id": "c8df4e7f-9cc3-365d-971c-2f27a655fd77", "asset_class": "power_line", "asset_name": null}}, {"type": "Feature", "geometry": {"type": "LineString", "coordinates": [[-84.615031, 33.5317307], [-84.6164067, 33.5334325], [-84.6168142, 33.5338003], [-84.6182236, 33.5343367], [-84.6190597, 33.5349214], [-84.6198982, 33.5355408], [-84.6207115, 33.5361288], [-84.6215211, 33.5367317], [-84.6215571, 33.5376735], [-84.6215787, 33.5385044], [-84.6224118, 33.5382089], [-84.6232844, 33.5380049], [-84.6241985, 33.53787], [-84.6252331, 33.537813], [-84.6262838, 33.537759], [-84.6273346, 33.5376975], [-84.628398, 33.5376285], [-84.6304924, 33.5375055], [-84.6315503, 33.5374365], [-84.6325166, 33.5373301], [-84.6335458, 33.5372731], [-84.6345623, 33.5372116], [-84.6355753, 33.5371531], [-84.6366045, 33.5370931], [-84.6374714, 33.5370021], [-84.6383594, 33.5368993], [-84.6392103, 33.5367177], [-84.6401517, 33.5364745], [-84.6410807, 33.5361609], [-84.642018, 33.5357977], [-84.6429388, 33.5354431], [-84.6437548, 33.5351313], [-84.6446263, 33.5347458], [-84.6455081, 33.534362], [-84.6463816, 33.5339851], [-84.6474052, 33.5335122], [-84.6484082, 33.5330616], [-84.6494236, 33.5326264], [-84.6504513, 33.5321792], [-84.6514502, 33.5317389], [-84.6524553, 33.53129], [-84.6534892, 33.5308394], [-84.6543586, 33.5304505], [-84.6552301, 33.5300632], [-84.6560954, 33.5296657], [-84.6569669, 33.5292717], [-84.6577541, 33.5288005], [-84.6585064, 33.528259], [-84.6591929, 33.5276713], [-84.6600356, 33.5268472], [-84.6605762, 33.5263057], [-84.6613264, 33.5255844], [-84.6620767, 33.5248424], [-84.6628187, 33.5241142], [-84.6619986, 33.5234785], [-84.6616804, 33.5239045], [-84.6618746, 33.5240205]]}, "properties": {"asset_id": "c915b857-38a3-322d-8e86-78f9ee5f1a1b", "asset_class": "power_line", "asset_name": null}}, {"type": "Feature", "geometry": {"type": "LineString", "coordinates": [[-84.6341884, 33.513637], [-84.6348342, 33.5133737], [-84.6356687, 33.5130655], [-84.6374392, 33.5123714], [-84.6419551, 33.5106318], [-84.644235, 33.5097057], [-84.6474894, 33.5084198], [-84.6502836, 33.5079765], [-84.6520846, 33.5076789], [-84.6538529, 33.5074114], [-84.6557041, 33.5070895], [-84.6575448, 33.5067872], [-84.6595929, 33.5064515], [-84.6616397, 33.5061194], [-84.6633391, 33.5058449], [-84.6649529, 33.5055783], [-84.6664825, 33.5053124], [-84.6681965, 33.5053203], [-84.6700228, 33.5052945], [-84.6723587, 33.5052758], [-84.6739401, 33.5052627], [-84.6779853, 33.5052694], [-84.6806598, 33.5053594], [-84.6831053, 33.5053852], [-84.6860404, 33.5054339], [-84.6908515, 33.5043636], [-84.6944956, 33.5036058], [-84.6976843, 33.5029491], [-84.7000764, 33.5024626], [-84.7031551, 33.5018376], [-84.7047438, 33.501512], [-84.707266, 33.501018], [-84.7089131, 33.5006849], [-84.7106162, 33.5003369], [-84.7130621, 33.4998167], [-84.7155103, 33.4992778], [-84.7183467, 33.4986678], [-84.7207163, 33.4981738], [-84.7222242, 33.4978463], [-84.724062, 33.4974889], [-84.7273921, 33.4968283], [-84.7291356, 33.4964822], [-84.7320528, 33.4959152], [-84.7334126, 33.4956513], [-84.7372158, 33.4949153], [-84.7417886, 33.4940461], [-84.7444122, 33.4935321], [-84.7467788, 33.4930584], [-84.7493017, 33.4925688], [-84.7534385, 33.4917647], [-84.755494, 33.4913642], [-84.7600561, 33.4904627], [-84.763792, 33.4897434], [-84.7660106, 33.4893295], [-84.767743, 33.4889998], [-84.7704277, 33.4885181], [-84.7721255, 33.4879464], [-84.7751815, 33.4869512], [-84.7765524, 33.4865066], [-84.7782153, 33.4859746], [-84.7806113, 33.4852018], [-84.7820996, 33.4846962], [-84.7850541, 33.4837408], [-84.787907, 33.4828197], [-84.7909376, 33.4818324], [-84.7938191, 33.4809034], [-84.7960215, 33.480194], [-84.7976336, 33.4796593], [-84.7990825, 33.4791963], [-84.8008945, 33.4786072], [-84.803595, 33.4777278], [-84.8056281, 33.4770719], [-84.8082885, 33.4762031], [-84.8108178, 33.4754408], [-84.8140515, 33.4744879], [-84.8160857, 33.4739029], [-84.8198284, 33.4727697], [-84.8226535, 33.4718357], [-84.8252273, 33.4709859], [-84.8279669, 33.470075], [-84.8296125, 33.4695361], [-84.8327797, 33.4684758], [-84.8346359, 33.4681497], [-84.8370049, 33.4677142], [-84.8398115, 33.4672084], [-84.8419674, 33.466812], [-84.8449286, 33.4662653], [-84.8466959, 33.4659411], [-84.8487582, 33.4655603], [-84.8513097, 33.4650917], [-84.8563356, 33.464166], [-84.8589971, 33.4636778], [-84.8607409, 33.4633541], [-84.8628165, 33.4629702], [-84.8645736, 33.4626457], [-84.8667178, 33.4622552], [-84.8692773, 33.4617748], [-84.8709617, 33.461462], [-84.8736194, 33.4610666], [-84.8766725, 33.4606039], [-84.8788218, 33.4602942], [-84.8822807, 33.4597679], [-84.8852297, 33.4593374], [-84.8863745, 33.4590668], [-84.8881278, 33.4586938], [-84.8898415, 33.458306], [-84.8919142, 33.4578576], [-84.894567, 33.4572841], [-84.8976992, 33.4565813], [-84.9003383, 33.4560218], [-84.904249, 33.4575428], [-84.9050501, 33.4588754], [-84.9061085, 33.4606685], [-84.905108, 33.4610299], [-84.904183, 33.46134]]}, "properties": {"asset_id": "c9b11b30-18a2-358f-a012-a37849ff9586", "asset_class": "power_line", "asset_name": null}}, {"type": "Feature", "geometry": {"type": "Polygon", "coordinates": [[[-84.6461348, 33.5682667], [-84.6458459, 33.5679425], [-84.6455289, 33.5681386], [-84.6458179, 33.5684628], [-84.6461348, 33.5682667]]]}, "properties": {"asset_id": "c9ba106f-f122-37be-beef-f2499667bdc2", "asset_class": "substation", "asset_name": null}}, {"type": "Feature", "geometry": {"type": "LineString", "coordinates": [[-84.6243248, 33.5186374], [-84.6248624, 33.5184097], [-84.6250294, 33.5177285], [-84.6266191, 33.5167821], [-84.6275486, 33.516472], [-84.6311536, 33.5152311], [-84.6331973, 33.51444], [-84.6365485, 33.5131144], [-84.6403185, 33.5116327], [-84.6417244, 33.5110876], [-84.6439574, 33.5102127], [-84.6476186, 33.5087815], [-84.6499284, 33.5084152], [-84.6516801, 33.5081083], [-84.6539301, 33.5077484], [-84.6567195, 33.5072986], [-84.6621344, 33.5064175], [-84.6664979, 33.5057072], [-84.6701645, 33.5056473], [-84.6727051, 33.5056294], [-84.6745045, 33.5056241], [-84.676088, 33.5055976], [-84.6785982, 33.5056506], [-84.680315, 33.505677], [-84.6831775, 33.5057299], [-84.6860474, 33.5057974], [-84.6892778, 33.5050365], [-84.6924639, 33.5043856], [-84.6945457, 33.5039675], [-84.6967651, 33.5035276], [-84.6992407, 33.5030146], [-84.7038443, 33.5020864], [-84.7102261, 33.5007924], [-84.7120353, 33.5003966], [-84.7140728, 33.499955], [-84.7185854, 33.4989838], [-84.7205731, 33.4985573], [-84.722507, 33.4981557], [-84.7272291, 33.4972189], [-84.7324589, 33.4962159], [-84.7348606, 33.495755], [-84.7397883, 33.4947969], [-84.744182, 33.4939324], [-84.7464708, 33.4934907], [-84.7492668, 33.4929406], [-84.7535927, 33.4921391], [-84.7599903, 33.4908952], [-84.7659627, 33.4897387], [-84.7705039, 33.4888891], [-84.7725571, 33.488193], [-84.7748388, 33.4874493], [-84.776819, 33.4868062], [-84.7788088, 33.4861551], [-84.780789, 33.4855199], [-84.7849557, 33.4841542], [-84.7887321, 33.4829419], [-84.7922483, 33.4817959], [-84.7936963, 33.4813217], [-84.7973001, 33.4801602], [-84.8003371, 33.4791782], [-84.8029424, 33.4783206], [-84.8044022, 33.4778547], [-84.8084548, 33.4765447], [-84.8107714, 33.4758452], [-84.812984, 33.4751863], [-84.8157755, 33.4743628], [-84.8178668, 33.4737413], [-84.8199761, 33.4731049], [-84.8233735, 33.4719781], [-84.8282925, 33.4703571], [-84.8328707, 33.4688617], [-84.8361658, 33.4682418], [-84.8409499, 33.467362], [-84.8463354, 33.4663774], [-84.8519287, 33.4653516], [-84.8568779, 33.4644274], [-84.8610557, 33.4636707], [-84.8661975, 33.4627164], [-84.8710664, 33.4618357], [-84.8766446, 33.4609862], [-84.8802472, 33.4604413], [-84.8817664, 33.4602089], [-84.8853531, 33.4596953], [-84.8880932, 33.4590761], [-84.890932, 33.4585924], [-84.8948436, 33.4603539], [-84.896555, 33.461135]]}, "properties": {"asset_id": "ca0e8acc-d2b8-35d7-b731-9a27d6416d42", "asset_class": "power_line", "asset_name": null}}, {"type": "Feature", "geometry": {"type": "Polygon", "coordinates": [[[-84.7660092, 33.3924219], [-84.7656191, 33.3921219], [-84.7652253, 33.3924791], [-84.7652292, 33.3925995], [-84.7655453, 33.3928425], [-84.7660092, 33.3924219]]]}, "properties": {"asset_id": "cb3c6a20-a24f-3057-96a9-1a3a078fb002", "asset_class": "substation", "asset_name": null}}, {"type": "Feature", "geometry": {"type": "LineString", "coordinates": [[-84.8124948, 33.3966829], [-84.8124736, 33.3954061], [-84.8124709, 33.3950474], [-84.8124709, 33.394311], [-84.8124855, 33.393311], [-84.8124723, 33.3921295], [-84.8124696, 33.3914396], [-84.812463, 33.3908494], [-84.8124736, 33.3895028], [-84.8124776, 33.3882735], [-84.8124749, 33.3871063], [-84.8124842, 33.3859147], [-84.8124895, 33.3850487], [-84.8124829, 33.3841472], [-84.8133291, 33.3833266], [-84.8139591, 33.3826809], [-84.814292, 33.3823586], [-84.8145671, 33.3820991], [-84.8147528, 33.3819142], [-84.8152634, 33.3824225], [-84.8161693, 33.3833218], [-84.8176482, 33.3841491], [-84.8182092, 33.383757], [-84.8188259, 33.3833373], [-84.8184784, 33.3829829], [-84.8178007, 33.38218]]}, "properties": {"asset_id": "cb6056e0-c5cf-3c66-9c36-acfe3325e837", "asset_class": "power_line", "asset_name": null}}, {"type": "Feature", "geometry": {"type": "LineString", "coordinates": [[-84.6237735, 33.5179961], [-84.6237052, 33.5180163], [-84.6235586, 33.5180708]]}, "properties": {"asset_id": "cb609b93-9541-3d6f-a53f-742f498ac164", "asset_class": "power_line", "asset_name": null}}, {"type": "Feature", "geometry": {"type": "LineString", "coordinates": [[-84.9049732, 33.4532514], [-84.9050446, 33.4532053]]}, "properties": {"asset_id": "cbd936d3-22eb-3d7a-a8c2-2ddc92ae97e8", "asset_class": "power_line", "asset_name": null}}, {"type": "Feature", "geometry": {"type": "LineString", "coordinates": [[-84.8968897, 33.4606535], [-84.8954738, 33.459823], [-84.8944572, 33.4592142], [-84.8925662, 33.4580816], [-84.8957867, 33.4573855], [-84.8979606, 33.4569184], [-84.900256, 33.45643], [-84.90379, 33.457769], [-84.9054546, 33.4571972], [-84.9064173, 33.4568312], [-84.9049418, 33.4545866], [-84.9074118, 33.453139], [-84.9070416, 33.4526937], [-84.9057417, 33.4532511]]}, "properties": {"asset_id": "cfd8374f-d5ff-34ef-904b-8975a4f12344", "asset_class": "power_line", "asset_name": null}}, {"type": "Feature", "geometry": {"type": "LineString", "coordinates": [[-84.9053554, 33.453719], [-84.9054419, 33.4536683]]}, "properties": {"asset_id": "d13d77c0-fc9b-331c-81e6-fb5609ce8bfc", "asset_class": "power_line", "asset_name": null}}, {"type": "Feature", "geometry": {"type": "LineString", "coordinates": [[-85.0248279, 33.4144968], [-85.0242704, 33.4149225], [-85.02366, 33.4154077], [-85.0220192, 33.4166935], [-85.0201265, 33.4181688], [-85.0200947, 33.4195288], [-85.0200358, 33.4221236], [-85.020017, 33.4240793], [-85.0185849, 33.4252966], [-85.0173157, 33.4263759], [-85.0170885, 33.4266108], [-85.016746, 33.4270096], [-85.0144385, 33.4262311], [-85.0119577, 33.4253758], [-85.009884, 33.4253977], [-85.0072994, 33.4253674], [-85.0048393, 33.4253599], [-85.0017891, 33.4253781], [-85.0000648, 33.4253573], [-84.9965432, 33.4253464], [-84.9955819, 33.4253312], [-84.9933735, 33.4272137], [-84.9922148, 33.4281719], [-84.9907026, 33.4294838], [-84.9895433, 33.4294468], [-84.9870016, 33.4293848], [-84.984957, 33.4293518], [-84.9800642, 33.4292575], [-84.9782565, 33.4292163], [-84.974204, 33.4291653], [-84.9711467, 33.4291156], [-84.9684016, 33.4290915], [-84.966308, 33.4290731], [-84.9636017, 33.429091], [-84.9588971, 33.428997], [-84.9576901, 33.4289701], [-84.9540664, 33.4288739], [-84.9521087, 33.4289975], [-84.9470846, 33.4292902], [-84.9442522, 33.4292835], [-84.9430238, 33.4293126], [-84.9407047, 33.4302841], [-84.9386502, 33.4312019], [-84.9356933, 33.432442], [-84.9313776, 33.4343334], [-84.9290478, 33.4353675], [-84.9255476, 33.4368918], [-84.9238701, 33.4376259], [-84.9214105, 33.4406744], [-84.9207105, 33.4415093], [-84.9194606, 33.4430424], [-84.9187364, 33.4439376], [-84.9174301, 33.4455356], [-84.9154533, 33.4479818], [-84.9137931, 33.4500183], [-84.9116832, 33.4525985], [-84.9108534, 33.45359], [-84.9110691, 33.4552177], [-84.9108792, 33.4560294], [-84.9106201, 33.4576121], [-84.9101674, 33.4601615], [-84.9098433, 33.4620351], [-84.909245, 33.4618877], [-84.9071909, 33.461092], [-84.906293, 33.4609862], [-84.9052495, 33.4613909], [-84.904383, 33.4616719]]}, "properties": {"asset_id": "d20adfac-d677-32ef-8864-3bfbd2db527a", "asset_class": "power_line", "asset_name": null}}, {"type": "Feature", "geometry": {"type": "LineString", "coordinates": [[-84.7330968, 33.4208546], [-84.7340249, 33.419963], [-84.7347747, 33.4200536], [-84.7380362, 33.4204248], [-84.7402251, 33.4206754], [-84.7449937, 33.421222], [-84.746519, 33.4214023], [-84.748387, 33.4216262], [-84.7531719, 33.4222102], [-84.7551608, 33.4224495], [-84.757614, 33.4227607], [-84.7592275, 33.4229492], [-84.761323, 33.4232033], [-84.7636747, 33.4234976], [-84.7642925, 33.4235802], [-84.764347, 33.4227014], [-84.7643534, 33.4224198]]}, "properties": {"asset_id": "d39048aa-16a5-333c-b702-3bd8854c6b96", "asset_class": "power_line", "asset_name": null}}, {"type": "Feature", "geometry": {"type": "LineString", "coordinates": [[-84.9173438, 33.4840733], [-84.9162352, 33.4852764], [-84.9158329, 33.4869193], [-84.9154216, 33.4880055], [-84.9150431, 33.489037], [-84.9145961, 33.4897727], [-84.913556, 33.4908514], [-84.9121106, 33.4913833], [-84.9125665, 33.4920071], [-84.9128318, 33.4924942], [-84.9126828, 33.4925539]]}, "properties": {"asset_id": "d60f89b9-99ea-357e-9d86-7e491eea6d21", "asset_class": "power_line", "asset_name": null}}, {"type": "Feature", "geometry": {"type": "Polygon", "coordinates": [[[-84.7647344, 33.4220075], [-84.7641941, 33.421982], [-84.7641606, 33.4224756], [-84.764701, 33.4225011], [-84.7647344, 33.4220075]]]}, "properties": {"asset_id": "de4f7286-0477-3690-9ada-6828f91ebfa2", "asset_class": "substation", "asset_name": "Madras Substation"}}, {"type": "Feature", "geometry": {"type": "LineString", "coordinates": [[-84.6233138, 33.5174582], [-84.6228115, 33.5176388], [-84.6228661, 33.5177966], [-84.620113, 33.5187051], [-84.6195253, 33.5189328]]}, "properties": {"asset_id": "de8b0a9a-4270-3f57-9ee7-05419d72b2ce", "asset_class": "power_line", "asset_name": null}}, {"type": "Feature", "geometry": {"type": "LineString", "coordinates": [[-84.6279279, 33.5198068], [-84.6277444, 33.5196674], [-84.6271783, 33.5201741], [-84.6256195, 33.5201926], [-84.6235233, 33.5202176], [-84.6215484, 33.5202252], [-84.620244, 33.5202328], [-84.6192082, 33.5202415], [-84.6189421, 33.5197283], [-84.6186108, 33.5190355], [-84.6189719, 33.518865]]}, "properties": {"asset_id": "e3e54066-b8f4-3c92-a588-8ae34b299a7d", "asset_class": "power_line", "asset_name": null}}, {"type": "Feature", "geometry": {"type": "LineString", "coordinates": [[-84.7469416, 33.4094642], [-84.7461999, 33.4094037], [-84.7461804, 33.4086798]]}, "properties": {"asset_id": "e84b161f-2db0-3ce4-808b-6e91c563e7a3", "asset_class": "power_line", "asset_name": null}}, {"type": "Feature", "geometry": {"type": "LineString", "coordinates": [[-84.6238581, 33.5181186], [-84.6237652, 33.5181467], [-84.6236159, 33.5182017]]}, "properties": {"asset_id": "e8ee2f68-d604-39ef-86a9-17aa552c8654", "asset_class": "power_line", "asset_name": null}}, {"type": "Feature", "geometry": {"type": "LineString", "coordinates": [[-84.929849, 33.5062399], [-84.9302596, 33.5061902]]}, "properties": {"asset_id": "ea842301-7077-35be-8dd8-970d6b0243b8", "asset_class": "power_line", "asset_name": null}}, {"type": "Feature", "geometry": {"type": "LineString", "coordinates": [[-84.7655657, 33.3922703], [-84.7651869, 33.391989], [-84.7659156, 33.3913201], [-84.7674076, 33.3899505], [-84.7689635, 33.3885279], [-84.7698577, 33.3877102], [-84.7715057, 33.3862034], [-84.7727129, 33.3850934], [-84.7744793, 33.3834691], [-84.7756945, 33.3823516], [-84.7772503, 33.380921], [-84.7802141, 33.3781833], [-84.781797, 33.3767353], [-84.7828195, 33.3757912], [-84.7839626, 33.3747498], [-84.7849602, 33.3738421], [-84.7860991, 33.3727226]]}, "properties": {"asset_id": "ec8f1050-8794-30fb-b512-f0eec4a26b3c", "asset_class": "power_line", "asset_name": null}}, {"type": "Feature", "geometry": {"type": "LineString", "coordinates": [[-84.8963135, 33.4614806], [-84.8946145, 33.4606384], [-84.8919856, 33.4593577], [-84.8908915, 33.4588177], [-84.8880619, 33.4592791], [-84.8853253, 33.4598828], [-84.8842834, 33.46004], [-84.8814041, 33.4604745], [-84.8766933, 33.4611901], [-84.871115, 33.4620201], [-84.8663809, 33.462904], [-84.8611007, 33.4638651], [-84.8569329, 33.464619], [-84.8519865, 33.4655402], [-84.8463885, 33.4665753], [-84.8410159, 33.4675548], [-84.8385184, 33.4680154], [-84.8356052, 33.4685528], [-84.8329447, 33.4690539], [-84.8297927, 33.4700921], [-84.8283615, 33.4705553], [-84.8251151, 33.4716248], [-84.8230206, 33.4723316], [-84.8206183, 33.4731257], [-84.8175052, 33.4740495], [-84.8158582, 33.4745472], [-84.8130751, 33.4753783], [-84.8085424, 33.4767267], [-84.8044872, 33.4780437], [-84.8025832, 33.4786604], [-84.8004259, 33.4793632], [-84.7972333, 33.4803889], [-84.7936315, 33.4815694], [-84.7888205, 33.4831363], [-84.7850346, 33.4843565], [-84.7808743, 33.4857037], [-84.7773073, 33.4868417], [-84.7749304, 33.487641], [-84.7705892, 33.4890834], [-84.7660067, 33.4899357], [-84.7600565, 33.4910975], [-84.7541603, 33.4922487], [-84.7496889, 33.4930745], [-84.7465599, 33.4936831], [-84.7442243, 33.494133], [-84.7400004, 33.4949429], [-84.7377854, 33.4953742], [-84.7349134, 33.4959432], [-84.7325238, 33.4964063], [-84.7272948, 33.497426], [-84.7225571, 33.4983497], [-84.7186474, 33.4991806], [-84.7141284, 33.5001492], [-84.711869, 33.5006387], [-84.7102822, 33.5009801], [-84.7039036, 33.5022794], [-84.6992918, 33.5032159], [-84.6968285, 33.5037301], [-84.6945436, 33.5041985], [-84.6925285, 33.5045848], [-84.6893392, 33.5052411], [-84.6860809, 33.5060071], [-84.6831864, 33.5059392], [-84.6802954, 33.5058836], [-84.6760875, 33.5058016], [-84.6727046, 33.5058333], [-84.6701722, 33.5058545], [-84.6665277, 33.5059331], [-84.6621927, 33.5066151], [-84.6561991, 33.5075839], [-84.6537175, 33.5079861], [-84.6512042, 33.5083962], [-84.6476943, 33.5089519], [-84.6440671, 33.5103966], [-84.6404272, 33.5118201], [-84.6362129, 33.513487], [-84.6324968, 33.5149502], [-84.6312401, 33.5154291], [-84.6298744, 33.5158952], [-84.6274932, 33.5167079], [-84.6268559, 33.5169324], [-84.6254432, 33.5176794], [-84.6250111, 33.5186507], [-84.6244412, 33.5188228]]}, "properties": {"asset_id": "f01478e3-5d06-3da1-b011-06b31f07f63c", "asset_class": "power_line", "asset_name": null}}, {"type": "Feature", "geometry": {"type": "LineString", "coordinates": [[-84.8543691, 33.4200287], [-84.855147, 33.419958], [-84.8557447, 33.4198195], [-84.8564436, 33.4191877], [-84.8566634, 33.4189337]]}, "properties": {"asset_id": "f0e37264-3ad4-331b-aed6-a40dd5e0f205", "asset_class": "power_line", "asset_name": null}}, {"type": "Feature", "geometry": {"type": "LineString", "coordinates": [[-84.7518533, 33.4043666], [-84.751893, 33.4044879]]}, "properties": {"asset_id": "f156dc82-8750-332e-98f5-4754c9784fef", "asset_class": "power_line", "asset_name": null}}, {"type": "Feature", "geometry": {"type": "LineString", "coordinates": [[-84.8569289, 33.739391], [-84.859951, 33.737431], [-84.8636846, 33.7358953], [-84.8679815, 33.7341488], [-84.8718358, 33.7325561], [-84.871703, 33.73005], [-84.8715662, 33.7266771], [-84.8714294, 33.7239064], [-84.8712323, 33.7197569], [-84.8715441, 33.7166839], [-84.8720455, 33.7113108], [-84.8727732, 33.7041745], [-84.8728503, 33.7005302], [-84.8729616, 33.6970971], [-84.8730272, 33.6937659], [-84.8741973, 33.6915125], [-84.8758096, 33.6883924], [-84.8767237, 33.6864133], [-84.8785154, 33.6830638], [-84.8802699, 33.6797383], [-84.8822991, 33.6757688], [-84.8840862, 33.6722486], [-84.8857288, 33.6690813], [-84.8871171, 33.6663706], [-84.8886669, 33.6633072], [-84.8905859, 33.6595466], [-84.8919012, 33.6569769], [-84.8935882, 33.6536948], [-84.8955174, 33.6502849], [-84.8975958, 33.6465288], [-84.9000295, 33.6421375], [-84.9019263, 33.6387506], [-84.9031506, 33.6365648], [-84.9044941, 33.634173], [-84.9053195, 33.6323305], [-84.9065286, 33.6296491], [-84.9082023, 33.6260536], [-84.9103323, 33.6213005], [-84.9116184, 33.6185472], [-84.9131744, 33.6150907], [-84.9147277, 33.6117311], [-84.9161942, 33.6095119], [-84.9179484, 33.6068271], [-84.919741, 33.6041383], [-84.9215529, 33.6013349], [-84.9240454, 33.5975419], [-84.9262314, 33.5942913], [-84.9285996, 33.5907059], [-84.9304673, 33.5878437], [-84.9329356, 33.5841035], [-84.9347085, 33.5814223], [-84.9367379, 33.5783149], [-84.9386109, 33.5754748], [-84.9405911, 33.5724573], [-84.9428819, 33.5689219], [-84.9469225, 33.5627939], [-84.9480506, 33.5611209], [-84.9508399, 33.5568234], [-84.9525289, 33.5542703], [-84.9541374, 33.5518227], [-84.9565193, 33.5479317], [-84.9583221, 33.5449471], [-84.9608216, 33.5408355], [-84.9629783, 33.5372882], [-84.9654042, 33.533358], [-84.9677341, 33.5294696], [-84.969585, 33.5263806], [-84.9712107, 33.5236442], [-84.9733698, 33.5200402], [-84.9749195, 33.5174605], [-84.9772719, 33.5135994], [-84.9790098, 33.5106146], [-84.9808256, 33.507672], [-84.9833634, 33.5034398], [-84.9849929, 33.5005239], [-84.9864312, 33.497953], [-84.987672, 33.4955873], [-84.9891579, 33.4926104], [-84.9913217, 33.4887265], [-84.9935065, 33.4847842], [-84.995201, 33.4817391], [-84.9971947, 33.4784025], [-84.9994024, 33.4748849], [-85.002232, 33.4701567], [-85.0050321, 33.4655114], [-85.0064635, 33.4631367], [-85.0079683, 33.4606396], [-85.009462, 33.4581668], [-85.0113884, 33.4548942], [-85.0129766, 33.4522615], [-85.0148283, 33.4490919], [-85.0163401, 33.446412], [-85.0172811, 33.4421281], [-85.0181319, 33.4380692], [-85.0184661, 33.4363192], [-85.0192825, 33.4323358], [-85.0199406, 33.4292931], [-85.0204708, 33.426687], [-85.0213639, 33.4224669], [-85.0222873, 33.4179366], [-85.0228447, 33.4152219], [-85.0235782, 33.4118069], [-85.0262251, 33.4095291], [-85.0291123, 33.410417], [-85.030312, 33.4114071]]}, "properties": {"asset_id": "f1cb7af9-6ced-3216-bf56-5c1d06961225", "asset_class": "power_line", "asset_name": "Wansley - Villa Rica 500kV"}}, {"type": "Feature", "geometry": {"type": "LineString", "coordinates": [[-84.732836, 33.4211011], [-84.7336707, 33.4214392], [-84.7348392, 33.420491], [-84.7354128, 33.4199463], [-84.7358285, 33.4195057], [-84.7368614, 33.4184285], [-84.7375909, 33.4177484], [-84.7382227, 33.4171534], [-84.7389668, 33.416437], [-84.7397046, 33.41575], [-84.7403883, 33.4151099], [-84.7412716, 33.4142841], [-84.7420177, 33.4135763], [-84.7426786, 33.4129518], [-84.7432564, 33.4124192], [-84.7445159, 33.4112343], [-84.7449897, 33.4107919], [-84.7455322, 33.410294], [-84.7462347, 33.4096417], [-84.7461804, 33.4086798]]}, "properties": {"asset_id": "f22a76c3-8913-3e58-828d-8e5b42afe2f1", "asset_class": "power_line", "asset_name": null}}, {"type": "Feature", "geometry": {"type": "LineString", "coordinates": [[-84.8969728, 33.4605356], [-84.8961948, 33.4599603], [-84.8954929, 33.4594385], [-84.8965222, 33.4586315], [-84.9002189, 33.4568415], [-84.9038786, 33.4582134], [-84.9060217, 33.4572421], [-84.9078932, 33.4563951], [-84.9077275, 33.4542242], [-84.9076465, 33.4531625], [-84.9069799, 33.4523301], [-84.905613, 33.4531114]]}, "properties": {"asset_id": "f25d08b0-0646-3e35-93a1-6f46ddbd6931", "asset_class": "power_line", "asset_name": null}}, {"type": "Feature", "geometry": {"type": "LineString", "coordinates": [[-84.6279382, 33.5161288], [-84.6240673, 33.5173825], [-84.62418, 33.5176074], [-84.6237262, 33.5178443]]}, "properties": {"asset_id": "f297f8e2-72f8-37cd-9ef6-f88f4d171a0f", "asset_class": "power_line", "asset_name": null}}, {"type": "Feature", "geometry": {"type": "LineString", "coordinates": [[-84.9050448, 33.453336], [-84.9051175, 33.4532903]]}, "properties": {"asset_id": "f70e7bef-ba94-396a-9a8b-9dcb0d50637b", "asset_class": "power_line", "asset_name": null}}, {"type": "Feature", "geometry": {"type": "LineString", "coordinates": [[-84.8969728, 33.4605356], [-84.8970963, 33.4605906]]}, "properties": {"asset_id": "f81b2ffb-f7b4-3176-83c4-2baf4446d70b", "asset_class": "power_line", "asset_name": null}}, {"type": "Feature", "geometry": {"type": "LineString", "coordinates": [[-84.9051655, 33.45348], [-84.9052424, 33.4534358]]}, "properties": {"asset_id": "fd682681-87f2-32d1-829e-1e2c87f065fb", "asset_class": "power_line", "asset_name": null}}, {"type": "Feature", "geometry": {"type": "LineString", "coordinates": [[-84.6163545, 33.5336067], [-84.6165523, 33.5337815], [-84.6167427, 33.5339045], [-84.618167, 33.5344433], [-84.6196878, 33.5355723], [-84.6213937, 33.536793], [-84.6214393, 33.5377142], [-84.6214205, 33.5390377], [-84.6214124, 33.5402024], [-84.6219221, 33.540692], [-84.6228126, 33.541555], [-84.6250093, 33.5436966], [-84.6267205, 33.5453621], [-84.6293223, 33.5479239], [-84.6305668, 33.5491042], [-84.6322459, 33.5518716], [-84.633477, 33.5538811], [-84.6346089, 33.5557229], [-84.6357971, 33.5576564], [-84.6371248, 33.5597887], [-84.6386, 33.5622182], [-84.6390024, 33.5622137], [-84.6398365, 33.5636062], [-84.6406197, 33.5649025], [-84.6416202, 33.566487], [-84.6432108, 33.5669497], [-84.6449649, 33.5674391], [-84.6456867, 33.5681306]]}, "properties": {"asset_id": "fdb80bd6-4aea-3ca7-b285-f23c05c6091d", "asset_class": "power_line", "asset_name": null}}, {"type": "Feature", "geometry": {"type": "LineString", "coordinates": [[-84.6457788, 33.503942], [-84.6459427, 33.5037854], [-84.6460902, 33.5039842], [-84.6456298, 33.5044601], [-84.6450859, 33.5049285]]}, "properties": {"asset_id": "fec8b1d3-12d5-3f1c-b82c-76e02dac4e2c", "asset_class": "power_line", "asset_name": null}}]}